date,week,year,month,day_of_week,day_of_month
2015-12-31 19:00:00-05,26,2016,1,4,1
2016-01-01 19:00:00-05,26,2016,1,5,2
2016-01-02 19:00:00-05,26,2016,1,6,3
2016-01-03 19:00:00-05,27,2016,1,0,4
2016-01-04 19:00:00-05,27,2016,1,1,5
2016-01-05 19:00:00-05,27,2016,1,2,6
2016-01-06 19:00:00-05,27,2016,1,3,7
2016-01-07 19:00:00-05,27,2016,1,4,8
2016-01-08 19:00:00-05,27,2016,1,5,9
2016-01-09 19:00:00-05,27,2016,1,6,10
2016-01-10 19:00:00-05,28,2016,1,0,11
2016-01-11 19:00:00-05,28,2016,1,1,12
2016-01-12 19:00:00-05,28,2016,1,2,13
2016-01-13 19:00:00-05,28,2016,1,3,14
2016-01-14 19:00:00-05,28,2016,1,4,15
2016-01-15 19:00:00-05,28,2016,1,5,16
2016-01-16 19:00:00-05,28,2016,1,6,17
2016-01-17 19:00:00-05,29,2016,1,0,18
2016-01-18 19:00:00-05,29,2016,1,1,19
2016-01-19 19:00:00-05,29,2016,1,2,20
2016-01-20 19:00:00-05,29,2016,1,3,21
2016-01-21 19:00:00-05,29,2016,1,4,22
2016-01-22 19:00:00-05,29,2016,1,5,23
2016-01-23 19:00:00-05,29,2016,1,6,24
2016-01-24 19:00:00-05,30,2016,1,0,25
2016-01-25 19:00:00-05,30,2016,1,1,26
2016-01-26 19:00:00-05,30,2016,1,2,27
2016-01-27 19:00:00-05,30,2016,1,3,28
2016-01-28 19:00:00-05,30,2016,1,4,29
2016-01-29 19:00:00-05,30,2016,1,5,30
2016-01-30 19:00:00-05,30,2016,1,6,31
2016-01-31 19:00:00-05,31,2016,2,0,1
2016-02-01 19:00:00-05,31,2016,2,1,2
2016-02-02 19:00:00-05,31,2016,2,2,3
2016-02-03 19:00:00-05,31,2016,2,3,4
2016-02-04 19:00:00-05,31,2016,2,4,5
2016-02-05 19:00:00-05,31,2016,2,5,6
2016-02-06 19:00:00-05,31,2016,2,6,7
2016-02-07 19:00:00-05,32,2016,2,0,8
2016-02-08 19:00:00-05,32,2016,2,1,9
2016-02-09 19:00:00-05,32,2016,2,2,10
2016-02-10 19:00:00-05,32,2016,2,3,11
2016-02-11 19:00:00-05,32,2016,2,4,12
2016-02-12 19:00:00-05,32,2016,2,5,13
2016-02-13 19:00:00-05,32,2016,2,6,14
2016-02-14 19:00:00-05,33,2016,2,0,15
2016-02-15 19:00:00-05,33,2016,2,1,16
2016-02-16 19:00:00-05,33,2016,2,2,17
2016-02-17 19:00:00-05,33,2016,2,3,18
2016-02-18 19:00:00-05,33,2016,2,4,19
2016-02-19 19:00:00-05,33,2016,2,5,20
2016-02-20 19:00:00-05,33,2016,2,6,21
2016-02-21 19:00:00-05,34,2016,2,0,22
2016-02-22 19:00:00-05,34,2016,2,1,23
2016-02-23 19:00:00-05,34,2016,2,2,24
2016-02-24 19:00:00-05,34,2016,2,3,25
2016-02-25 19:00:00-05,34,2016,2,4,26
2016-02-26 19:00:00-05,34,2016,2,5,27
2016-02-27 19:00:00-05,34,2016,2,6,28
2016-02-28 19:00:00-05,35,2016,2,0,29
2016-02-29 19:00:00-05,35,2016,3,1,1
2016-03-01 19:00:00-05,35,2016,3,2,2
2016-03-02 19:00:00-05,35,2016,3,3,3
2016-03-03 19:00:00-05,35,2016,3,4,4
2016-03-04 19:00:00-05,35,2016,3,5,5
2016-03-05 19:00:00-05,35,2016,3,6,6
2016-03-06 19:00:00-05,36,2016,3,0,7
2016-03-07 19:00:00-05,36,2016,3,1,8
2016-03-08 19:00:00-05,36,2016,3,2,9
2016-03-09 19:00:00-05,36,2016,3,3,10
2016-03-10 19:00:00-05,36,2016,3,4,11
2016-03-11 19:00:00-05,36,2016,3,5,12
2016-03-12 19:00:00-05,36,2016,3,6,13
2016-03-13 20:00:00-04,37,2016,3,0,14
2016-03-14 20:00:00-04,37,2016,3,1,15
2016-03-15 20:00:00-04,37,2016,3,2,16
2016-03-16 20:00:00-04,37,2016,3,3,17
2016-03-17 20:00:00-04,37,2016,3,4,18
2016-03-18 20:00:00-04,37,2016,3,5,19
2016-03-19 20:00:00-04,37,2016,3,6,20
2016-03-20 20:00:00-04,38,2016,3,0,21
2016-03-21 20:00:00-04,38,2016,3,1,22
2016-03-22 20:00:00-04,38,2016,3,2,23
2016-03-23 20:00:00-04,38,2016,3,3,24
2016-03-24 20:00:00-04,38,2016,3,4,25
2016-03-25 20:00:00-04,38,2016,3,5,26
2016-03-26 20:00:00-04,38,2016,3,6,27
2016-03-27 20:00:00-04,39,2016,3,0,28
2016-03-28 20:00:00-04,39,2016,3,1,29
2016-03-29 20:00:00-04,39,2016,3,2,30
2016-03-30 20:00:00-04,39,2016,3,3,31
2016-03-31 20:00:00-04,39,2016,4,4,1
2016-04-01 20:00:00-04,39,2016,4,5,2
2016-04-02 20:00:00-04,39,2016,4,6,3
2016-04-03 20:00:00-04,40,2016,4,0,4
2016-04-04 20:00:00-04,40,2016,4,1,5
2016-04-05 20:00:00-04,40,2016,4,2,6
2016-04-06 20:00:00-04,40,2016,4,3,7
2016-04-07 20:00:00-04,40,2016,4,4,8
2016-04-08 20:00:00-04,40,2016,4,5,9
2016-04-09 20:00:00-04,40,2016,4,6,10
2016-04-10 20:00:00-04,41,2016,4,0,11
2016-04-11 20:00:00-04,41,2016,4,1,12
2016-04-12 20:00:00-04,41,2016,4,2,13
2016-04-13 20:00:00-04,41,2016,4,3,14
2016-04-14 20:00:00-04,41,2016,4,4,15
2016-04-15 20:00:00-04,41,2016,4,5,16
2016-04-16 20:00:00-04,41,2016,4,6,17
2016-04-17 20:00:00-04,42,2016,4,0,18
2016-04-18 20:00:00-04,42,2016,4,1,19
2016-04-19 20:00:00-04,42,2016,4,2,20
2016-04-20 20:00:00-04,42,2016,4,3,21
2016-04-21 20:00:00-04,42,2016,4,4,22
2016-04-22 20:00:00-04,42,2016,4,5,23
2016-04-23 20:00:00-04,42,2016,4,6,24
2016-04-24 20:00:00-04,43,2016,4,0,25
2016-04-25 20:00:00-04,43,2016,4,1,26
2016-04-26 20:00:00-04,43,2016,4,2,27
2016-04-27 20:00:00-04,43,2016,4,3,28
2016-04-28 20:00:00-04,43,2016,4,4,29
2016-04-29 20:00:00-04,43,2016,4,5,30
2016-04-30 20:00:00-04,43,2016,5,6,1
2016-05-01 20:00:00-04,44,2016,5,0,2
2016-05-02 20:00:00-04,44,2016,5,1,3
2016-05-03 20:00:00-04,44,2016,5,2,4
2016-05-04 20:00:00-04,44,2016,5,3,5
2016-05-05 20:00:00-04,44,2016,5,4,6
2016-05-06 20:00:00-04,44,2016,5,5,7
2016-05-07 20:00:00-04,44,2016,5,6,8
2016-05-08 20:00:00-04,45,2016,5,0,9
2016-05-09 20:00:00-04,45,2016,5,1,10
2016-05-10 20:00:00-04,45,2016,5,2,11
2016-05-11 20:00:00-04,45,2016,5,3,12
2016-05-12 20:00:00-04,45,2016,5,4,13
2016-05-13 20:00:00-04,45,2016,5,5,14
2016-05-14 20:00:00-04,45,2016,5,6,15
2016-05-15 20:00:00-04,46,2016,5,0,16
2016-05-16 20:00:00-04,46,2016,5,1,17
2016-05-17 20:00:00-04,46,2016,5,2,18
2016-05-18 20:00:00-04,46,2016,5,3,19
2016-05-19 20:00:00-04,46,2016,5,4,20
2016-05-20 20:00:00-04,46,2016,5,5,21
2016-05-21 20:00:00-04,46,2016,5,6,22
2016-05-22 20:00:00-04,47,2016,5,0,23
2016-05-23 20:00:00-04,47,2016,5,1,24
2016-05-24 20:00:00-04,47,2016,5,2,25
2016-05-25 20:00:00-04,47,2016,5,3,26
2016-05-26 20:00:00-04,47,2016,5,4,27
2016-05-27 20:00:00-04,47,2016,5,5,28
2016-05-28 20:00:00-04,47,2016,5,6,29
2016-05-29 20:00:00-04,48,2016,5,0,30
2016-05-30 20:00:00-04,48,2016,5,1,31
2016-05-31 20:00:00-04,48,2016,6,2,1
2016-06-01 20:00:00-04,48,2016,6,3,2
2016-06-02 20:00:00-04,48,2016,6,4,3
2016-06-03 20:00:00-04,48,2016,6,5,4
2016-06-04 20:00:00-04,48,2016,6,6,5
2016-06-05 20:00:00-04,49,2016,6,0,6
2016-06-06 20:00:00-04,49,2016,6,1,7
2016-06-07 20:00:00-04,49,2016,6,2,8
2016-06-08 20:00:00-04,49,2016,6,3,9
2016-06-09 20:00:00-04,49,2016,6,4,10
2016-06-10 20:00:00-04,49,2016,6,5,11
2016-06-11 20:00:00-04,49,2016,6,6,12
2016-06-12 20:00:00-04,50,2016,6,0,13
2016-06-13 20:00:00-04,50,2016,6,1,14
2016-06-14 20:00:00-04,50,2016,6,2,15
2016-06-15 20:00:00-04,50,2016,6,3,16
2016-06-16 20:00:00-04,50,2016,6,4,17
2016-06-17 20:00:00-04,50,2016,6,5,18
2016-06-18 20:00:00-04,50,2016,6,6,19
2016-06-19 20:00:00-04,51,2016,6,0,20
2016-06-20 20:00:00-04,51,2016,6,1,21
2016-06-21 20:00:00-04,51,2016,6,2,22
2016-06-22 20:00:00-04,51,2016,6,3,23
2016-06-23 20:00:00-04,51,2016,6,4,24
2016-06-24 20:00:00-04,51,2016,6,5,25
2016-06-25 20:00:00-04,51,2016,6,6,26
2016-06-26 20:00:00-04,52,2016,6,0,27
2016-06-27 20:00:00-04,52,2016,6,1,28
2016-06-28 20:00:00-04,52,2016,6,2,29
2016-06-29 20:00:00-04,52,2016,6,3,30
2016-06-30 20:00:00-04,52,2016,7,4,1
2016-07-01 20:00:00-04,52,2016,7,5,2
2016-07-02 20:00:00-04,52,2016,7,6,3
2016-07-03 20:00:00-04,01,2016,7,0,4
2016-07-04 20:00:00-04,01,2016,7,1,5
2016-07-05 20:00:00-04,01,2016,7,2,6
2016-07-06 20:00:00-04,01,2016,7,3,7
2016-07-07 20:00:00-04,01,2016,7,4,8
2016-07-08 20:00:00-04,01,2016,7,5,9
2016-07-09 20:00:00-04,01,2016,7,6,10
2016-07-10 20:00:00-04,02,2016,7,0,11
2016-07-11 20:00:00-04,02,2016,7,1,12
2016-07-12 20:00:00-04,02,2016,7,2,13
2016-07-13 20:00:00-04,02,2016,7,3,14
2016-07-14 20:00:00-04,02,2016,7,4,15
2016-07-15 20:00:00-04,02,2016,7,5,16
2016-07-16 20:00:00-04,02,2016,7,6,17
2016-07-17 20:00:00-04,03,2016,7,0,18
2016-07-18 20:00:00-04,03,2016,7,1,19
2016-07-19 20:00:00-04,03,2016,7,2,20
2016-07-20 20:00:00-04,03,2016,7,3,21
2016-07-21 20:00:00-04,03,2016,7,4,22
2016-07-22 20:00:00-04,03,2016,7,5,23
2016-07-23 20:00:00-04,03,2016,7,6,24
2016-07-24 20:00:00-04,04,2016,7,0,25
2016-07-25 20:00:00-04,04,2016,7,1,26
2016-07-26 20:00:00-04,04,2016,7,2,27
2016-07-27 20:00:00-04,04,2016,7,3,28
2016-07-28 20:00:00-04,04,2016,7,4,29
2016-07-29 20:00:00-04,04,2016,7,5,30
2016-07-30 20:00:00-04,04,2016,7,6,31
2016-07-31 20:00:00-04,05,2016,8,0,1
2016-08-01 20:00:00-04,05,2016,8,1,2
2016-08-02 20:00:00-04,05,2016,8,2,3
2016-08-03 20:00:00-04,05,2016,8,3,4
2016-08-04 20:00:00-04,05,2016,8,4,5
2016-08-05 20:00:00-04,05,2016,8,5,6
2016-08-06 20:00:00-04,05,2016,8,6,7
2016-08-07 20:00:00-04,06,2016,8,0,8
2016-08-08 20:00:00-04,06,2016,8,1,9
2016-08-09 20:00:00-04,06,2016,8,2,10
2016-08-10 20:00:00-04,06,2016,8,3,11
2016-08-11 20:00:00-04,06,2016,8,4,12
2016-08-12 20:00:00-04,06,2016,8,5,13
2016-08-13 20:00:00-04,06,2016,8,6,14
2016-08-14 20:00:00-04,07,2016,8,0,15
2016-08-15 20:00:00-04,07,2016,8,1,16
2016-08-16 20:00:00-04,07,2016,8,2,17
2016-08-17 20:00:00-04,07,2016,8,3,18
2016-08-18 20:00:00-04,07,2016,8,4,19
2016-08-19 20:00:00-04,07,2016,8,5,20
2016-08-20 20:00:00-04,07,2016,8,6,21
2016-08-21 20:00:00-04,08,2016,8,0,22
2016-08-22 20:00:00-04,08,2016,8,1,23
2016-08-23 20:00:00-04,08,2016,8,2,24
2016-08-24 20:00:00-04,08,2016,8,3,25
2016-08-25 20:00:00-04,08,2016,8,4,26
2016-08-26 20:00:00-04,08,2016,8,5,27
2016-08-27 20:00:00-04,08,2016,8,6,28
2016-08-28 20:00:00-04,09,2016,8,0,29
2016-08-29 20:00:00-04,09,2016,8,1,30
2016-08-30 20:00:00-04,09,2016,8,2,31
2016-08-31 20:00:00-04,09,2016,9,3,1
2016-09-01 20:00:00-04,09,2016,9,4,2
2016-09-02 20:00:00-04,09,2016,9,5,3
2016-09-03 20:00:00-04,09,2016,9,6,4
2016-09-04 20:00:00-04,10,2016,9,0,5
2016-09-05 20:00:00-04,10,2016,9,1,6
2016-09-06 20:00:00-04,10,2016,9,2,7
2016-09-07 20:00:00-04,10,2016,9,3,8
2016-09-08 20:00:00-04,10,2016,9,4,9
2016-09-09 20:00:00-04,10,2016,9,5,10
2016-09-10 20:00:00-04,10,2016,9,6,11
2016-09-11 20:00:00-04,11,2016,9,0,12
2016-09-12 20:00:00-04,11,2016,9,1,13
2016-09-13 20:00:00-04,11,2016,9,2,14
2016-09-14 20:00:00-04,11,2016,9,3,15
2016-09-15 20:00:00-04,11,2016,9,4,16
2016-09-16 20:00:00-04,11,2016,9,5,17
2016-09-17 20:00:00-04,11,2016,9,6,18
2016-09-18 20:00:00-04,12,2016,9,0,19
2016-09-19 20:00:00-04,12,2016,9,1,20
2016-09-20 20:00:00-04,12,2016,9,2,21
2016-09-21 20:00:00-04,12,2016,9,3,22
2016-09-22 20:00:00-04,12,2016,9,4,23
2016-09-23 20:00:00-04,12,2016,9,5,24
2016-09-24 20:00:00-04,12,2016,9,6,25
2016-09-25 20:00:00-04,13,2016,9,0,26
2016-09-26 20:00:00-04,13,2016,9,1,27
2016-09-27 20:00:00-04,13,2016,9,2,28
2016-09-28 20:00:00-04,13,2016,9,3,29
2016-09-29 20:00:00-04,13,2016,9,4,30
2016-09-30 20:00:00-04,13,2016,10,5,1
2016-10-01 20:00:00-04,13,2016,10,6,2
2016-10-02 20:00:00-04,14,2016,10,0,3
2016-10-03 20:00:00-04,14,2016,10,1,4
2016-10-04 20:00:00-04,14,2016,10,2,5
2016-10-05 20:00:00-04,14,2016,10,3,6
2016-10-06 20:00:00-04,14,2016,10,4,7
2016-10-07 20:00:00-04,14,2016,10,5,8
2016-10-08 20:00:00-04,14,2016,10,6,9
2016-10-09 20:00:00-04,15,2016,10,0,10
2016-10-10 20:00:00-04,15,2016,10,1,11
2016-10-11 20:00:00-04,15,2016,10,2,12
2016-10-12 20:00:00-04,15,2016,10,3,13
2016-10-13 20:00:00-04,15,2016,10,4,14
2016-10-14 20:00:00-04,15,2016,10,5,15
2016-10-15 20:00:00-04,15,2016,10,6,16
2016-10-16 20:00:00-04,16,2016,10,0,17
2016-10-17 20:00:00-04,16,2016,10,1,18
2016-10-18 20:00:00-04,16,2016,10,2,19
2016-10-19 20:00:00-04,16,2016,10,3,20
2016-10-20 20:00:00-04,16,2016,10,4,21
2016-10-21 20:00:00-04,16,2016,10,5,22
2016-10-22 20:00:00-04,16,2016,10,6,23
2016-10-23 20:00:00-04,17,2016,10,0,24
2016-10-24 20:00:00-04,17,2016,10,1,25
2016-10-25 20:00:00-04,17,2016,10,2,26
2016-10-26 20:00:00-04,17,2016,10,3,27
2016-10-27 20:00:00-04,17,2016,10,4,28
2016-10-28 20:00:00-04,17,2016,10,5,29
2016-10-29 20:00:00-04,17,2016,10,6,30
2016-10-30 20:00:00-04,18,2016,10,0,31
2016-10-31 20:00:00-04,18,2016,11,1,1
2016-11-01 20:00:00-04,18,2016,11,2,2
2016-11-02 20:00:00-04,18,2016,11,3,3
2016-11-03 20:00:00-04,18,2016,11,4,4
2016-11-04 20:00:00-04,18,2016,11,5,5
2016-11-05 20:00:00-04,18,2016,11,6,6
2016-11-06 19:00:00-05,19,2016,11,0,7
2016-11-07 19:00:00-05,19,2016,11,1,8
2016-11-08 19:00:00-05,19,2016,11,2,9
2016-11-09 19:00:00-05,19,2016,11,3,10
2016-11-10 19:00:00-05,19,2016,11,4,11
2016-11-11 19:00:00-05,19,2016,11,5,12
2016-11-12 19:00:00-05,19,2016,11,6,13
2016-11-13 19:00:00-05,20,2016,11,0,14
2016-11-14 19:00:00-05,20,2016,11,1,15
2016-11-15 19:00:00-05,20,2016,11,2,16
2016-11-16 19:00:00-05,20,2016,11,3,17
2016-11-17 19:00:00-05,20,2016,11,4,18
2016-11-18 19:00:00-05,20,2016,11,5,19
2016-11-19 19:00:00-05,20,2016,11,6,20
2016-11-20 19:00:00-05,21,2016,11,0,21
2016-11-21 19:00:00-05,21,2016,11,1,22
2016-11-22 19:00:00-05,21,2016,11,2,23
2016-11-23 19:00:00-05,21,2016,11,3,24
2016-11-24 19:00:00-05,21,2016,11,4,25
2016-11-25 19:00:00-05,21,2016,11,5,26
2016-11-26 19:00:00-05,21,2016,11,6,27
2016-11-27 19:00:00-05,22,2016,11,0,28
2016-11-28 19:00:00-05,22,2016,11,1,29
2016-11-29 19:00:00-05,22,2016,11,2,30
2016-11-30 19:00:00-05,22,2016,12,3,1
2016-12-01 19:00:00-05,22,2016,12,4,2
2016-12-02 19:00:00-05,22,2016,12,5,3
2016-12-03 19:00:00-05,22,2016,12,6,4
2016-12-04 19:00:00-05,23,2016,12,0,5
2016-12-05 19:00:00-05,23,2016,12,1,6
2016-12-06 19:00:00-05,23,2016,12,2,7
2016-12-07 19:00:00-05,23,2016,12,3,8
2016-12-08 19:00:00-05,23,2016,12,4,9
2016-12-09 19:00:00-05,23,2016,12,5,10
2016-12-10 19:00:00-05,23,2016,12,6,11
2016-12-11 19:00:00-05,24,2016,12,0,12
2016-12-12 19:00:00-05,24,2016,12,1,13
2016-12-13 19:00:00-05,24,2016,12,2,14
2016-12-14 19:00:00-05,24,2016,12,3,15
2016-12-15 19:00:00-05,24,2016,12,4,16
2016-12-16 19:00:00-05,24,2016,12,5,17
2016-12-17 19:00:00-05,24,2016,12,6,18
2016-12-18 19:00:00-05,25,2016,12,0,19
2016-12-19 19:00:00-05,25,2016,12,1,20
2016-12-20 19:00:00-05,25,2016,12,2,21
2016-12-21 19:00:00-05,25,2016,12,3,22
2016-12-22 19:00:00-05,25,2016,12,4,23
2016-12-23 19:00:00-05,25,2016,12,5,24
2016-12-24 19:00:00-05,25,2016,12,6,25
2016-12-25 19:00:00-05,26,2016,12,0,26
2016-12-26 19:00:00-05,26,2016,12,1,27
2016-12-27 19:00:00-05,26,2016,12,2,28
2016-12-28 19:00:00-05,26,2016,12,3,29
2016-12-29 19:00:00-05,26,2016,12,4,30
2016-12-30 19:00:00-05,26,2016,12,5,31
2016-12-31 19:00:00-05,26,2017,1,6,1
2017-01-01 19:00:00-05,27,2017,1,0,2
2017-01-02 19:00:00-05,27,2017,1,1,3
2017-01-03 19:00:00-05,27,2017,1,2,4
2017-01-04 19:00:00-05,27,2017,1,3,5
2017-01-05 19:00:00-05,27,2017,1,4,6
2017-01-06 19:00:00-05,27,2017,1,5,7
2017-01-07 19:00:00-05,27,2017,1,6,8
2017-01-08 19:00:00-05,28,2017,1,0,9
2017-01-09 19:00:00-05,28,2017,1,1,10
2017-01-10 19:00:00-05,28,2017,1,2,11
2017-01-11 19:00:00-05,28,2017,1,3,12
2017-01-12 19:00:00-05,28,2017,1,4,13
2017-01-13 19:00:00-05,28,2017,1,5,14
2017-01-14 19:00:00-05,28,2017,1,6,15
2017-01-15 19:00:00-05,29,2017,1,0,16
2017-01-16 19:00:00-05,29,2017,1,1,17
2017-01-17 19:00:00-05,29,2017,1,2,18
2017-01-18 19:00:00-05,29,2017,1,3,19
2017-01-19 19:00:00-05,29,2017,1,4,20
2017-01-20 19:00:00-05,29,2017,1,5,21
2017-01-21 19:00:00-05,29,2017,1,6,22
2017-01-22 19:00:00-05,30,2017,1,0,23
2017-01-23 19:00:00-05,30,2017,1,1,24
2017-01-24 19:00:00-05,30,2017,1,2,25
2017-01-25 19:00:00-05,30,2017,1,3,26
2017-01-26 19:00:00-05,30,2017,1,4,27
2017-01-27 19:00:00-05,30,2017,1,5,28
2017-01-28 19:00:00-05,30,2017,1,6,29
2017-01-29 19:00:00-05,31,2017,1,0,30
2017-01-30 19:00:00-05,31,2017,1,1,31
2017-01-31 19:00:00-05,31,2017,2,2,1
2017-02-01 19:00:00-05,31,2017,2,3,2
2017-02-02 19:00:00-05,31,2017,2,4,3
2017-02-03 19:00:00-05,31,2017,2,5,4
2017-02-04 19:00:00-05,31,2017,2,6,5
2017-02-05 19:00:00-05,32,2017,2,0,6
2017-02-06 19:00:00-05,32,2017,2,1,7
2017-02-07 19:00:00-05,32,2017,2,2,8
2017-02-08 19:00:00-05,32,2017,2,3,9
2017-02-09 19:00:00-05,32,2017,2,4,10
2017-02-10 19:00:00-05,32,2017,2,5,11
2017-02-11 19:00:00-05,32,2017,2,6,12
2017-02-12 19:00:00-05,33,2017,2,0,13
2017-02-13 19:00:00-05,33,2017,2,1,14
2017-02-14 19:00:00-05,33,2017,2,2,15
2017-02-15 19:00:00-05,33,2017,2,3,16
2017-02-16 19:00:00-05,33,2017,2,4,17
2017-02-17 19:00:00-05,33,2017,2,5,18
2017-02-18 19:00:00-05,33,2017,2,6,19
2017-02-19 19:00:00-05,34,2017,2,0,20
2017-02-20 19:00:00-05,34,2017,2,1,21
2017-02-21 19:00:00-05,34,2017,2,2,22
2017-02-22 19:00:00-05,34,2017,2,3,23
2017-02-23 19:00:00-05,34,2017,2,4,24
2017-02-24 19:00:00-05,34,2017,2,5,25
2017-02-25 19:00:00-05,34,2017,2,6,26
2017-02-26 19:00:00-05,35,2017,2,0,27
2017-02-27 19:00:00-05,35,2017,2,1,28
2017-02-28 19:00:00-05,35,2017,3,2,1
2017-03-01 19:00:00-05,35,2017,3,3,2
2017-03-02 19:00:00-05,35,2017,3,4,3
2017-03-03 19:00:00-05,35,2017,3,5,4
2017-03-04 19:00:00-05,35,2017,3,6,5
2017-03-05 19:00:00-05,36,2017,3,0,6
2017-03-06 19:00:00-05,36,2017,3,1,7
2017-03-07 19:00:00-05,36,2017,3,2,8
2017-03-08 19:00:00-05,36,2017,3,3,9
2017-03-09 19:00:00-05,36,2017,3,4,10
2017-03-10 19:00:00-05,36,2017,3,5,11
2017-03-11 19:00:00-05,36,2017,3,6,12
2017-03-12 20:00:00-04,37,2017,3,0,13
2017-03-13 20:00:00-04,37,2017,3,1,14
2017-03-14 20:00:00-04,37,2017,3,2,15
2017-03-15 20:00:00-04,37,2017,3,3,16
2017-03-16 20:00:00-04,37,2017,3,4,17
2017-03-17 20:00:00-04,37,2017,3,5,18
2017-03-18 20:00:00-04,37,2017,3,6,19
2017-03-19 20:00:00-04,38,2017,3,0,20
2017-03-20 20:00:00-04,38,2017,3,1,21
2017-03-21 20:00:00-04,38,2017,3,2,22
2017-03-22 20:00:00-04,38,2017,3,3,23
2017-03-23 20:00:00-04,38,2017,3,4,24
2017-03-24 20:00:00-04,38,2017,3,5,25
2017-03-25 20:00:00-04,38,2017,3,6,26
2017-03-26 20:00:00-04,39,2017,3,0,27
2017-03-27 20:00:00-04,39,2017,3,1,28
2017-03-28 20:00:00-04,39,2017,3,2,29
2017-03-29 20:00:00-04,39,2017,3,3,30
2017-03-30 20:00:00-04,39,2017,3,4,31
2017-03-31 20:00:00-04,39,2017,4,5,1
2017-04-01 20:00:00-04,39,2017,4,6,2
2017-04-02 20:00:00-04,40,2017,4,0,3
2017-04-03 20:00:00-04,40,2017,4,1,4
2017-04-04 20:00:00-04,40,2017,4,2,5
2017-04-05 20:00:00-04,40,2017,4,3,6
2017-04-06 20:00:00-04,40,2017,4,4,7
2017-04-07 20:00:00-04,40,2017,4,5,8
2017-04-08 20:00:00-04,40,2017,4,6,9
2017-04-09 20:00:00-04,41,2017,4,0,10
2017-04-10 20:00:00-04,41,2017,4,1,11
2017-04-11 20:00:00-04,41,2017,4,2,12
2017-04-12 20:00:00-04,41,2017,4,3,13
2017-04-13 20:00:00-04,41,2017,4,4,14
2017-04-14 20:00:00-04,41,2017,4,5,15
2017-04-15 20:00:00-04,41,2017,4,6,16
2017-04-16 20:00:00-04,42,2017,4,0,17
2017-04-17 20:00:00-04,42,2017,4,1,18
2017-04-18 20:00:00-04,42,2017,4,2,19
2017-04-19 20:00:00-04,42,2017,4,3,20
2017-04-20 20:00:00-04,42,2017,4,4,21
2017-04-21 20:00:00-04,42,2017,4,5,22
2017-04-22 20:00:00-04,42,2017,4,6,23
2017-04-23 20:00:00-04,43,2017,4,0,24
2017-04-24 20:00:00-04,43,2017,4,1,25
2017-04-25 20:00:00-04,43,2017,4,2,26
2017-04-26 20:00:00-04,43,2017,4,3,27
2017-04-27 20:00:00-04,43,2017,4,4,28
2017-04-28 20:00:00-04,43,2017,4,5,29
2017-04-29 20:00:00-04,43,2017,4,6,30
2017-04-30 20:00:00-04,44,2017,5,0,1
2017-05-01 20:00:00-04,44,2017,5,1,2
2017-05-02 20:00:00-04,44,2017,5,2,3
2017-05-03 20:00:00-04,44,2017,5,3,4
2017-05-04 20:00:00-04,44,2017,5,4,5
2017-05-05 20:00:00-04,44,2017,5,5,6
2017-05-06 20:00:00-04,44,2017,5,6,7
2017-05-07 20:00:00-04,45,2017,5,0,8
2017-05-08 20:00:00-04,45,2017,5,1,9
2017-05-09 20:00:00-04,45,2017,5,2,10
2017-05-10 20:00:00-04,45,2017,5,3,11
2017-05-11 20:00:00-04,45,2017,5,4,12
2017-05-12 20:00:00-04,45,2017,5,5,13
2017-05-13 20:00:00-04,45,2017,5,6,14
2017-05-14 20:00:00-04,46,2017,5,0,15
2017-05-15 20:00:00-04,46,2017,5,1,16
2017-05-16 20:00:00-04,46,2017,5,2,17
2017-05-17 20:00:00-04,46,2017,5,3,18
2017-05-18 20:00:00-04,46,2017,5,4,19
2017-05-19 20:00:00-04,46,2017,5,5,20
2017-05-20 20:00:00-04,46,2017,5,6,21
2017-05-21 20:00:00-04,47,2017,5,0,22
2017-05-22 20:00:00-04,47,2017,5,1,23
2017-05-23 20:00:00-04,47,2017,5,2,24
2017-05-24 20:00:00-04,47,2017,5,3,25
2017-05-25 20:00:00-04,47,2017,5,4,26
2017-05-26 20:00:00-04,47,2017,5,5,27
2017-05-27 20:00:00-04,47,2017,5,6,28
2017-05-28 20:00:00-04,48,2017,5,0,29
2017-05-29 20:00:00-04,48,2017,5,1,30
2017-05-30 20:00:00-04,48,2017,5,2,31
2017-05-31 20:00:00-04,48,2017,6,3,1
2017-06-01 20:00:00-04,48,2017,6,4,2
2017-06-02 20:00:00-04,48,2017,6,5,3
2017-06-03 20:00:00-04,48,2017,6,6,4
2017-06-04 20:00:00-04,49,2017,6,0,5
2017-06-05 20:00:00-04,49,2017,6,1,6
2017-06-06 20:00:00-04,49,2017,6,2,7
2017-06-07 20:00:00-04,49,2017,6,3,8
2017-06-08 20:00:00-04,49,2017,6,4,9
2017-06-09 20:00:00-04,49,2017,6,5,10
2017-06-10 20:00:00-04,49,2017,6,6,11
2017-06-11 20:00:00-04,50,2017,6,0,12
2017-06-12 20:00:00-04,50,2017,6,1,13
2017-06-13 20:00:00-04,50,2017,6,2,14
2017-06-14 20:00:00-04,50,2017,6,3,15
2017-06-15 20:00:00-04,50,2017,6,4,16
2017-06-16 20:00:00-04,50,2017,6,5,17
2017-06-17 20:00:00-04,50,2017,6,6,18
2017-06-18 20:00:00-04,51,2017,6,0,19
2017-06-19 20:00:00-04,51,2017,6,1,20
2017-06-20 20:00:00-04,51,2017,6,2,21
2017-06-21 20:00:00-04,51,2017,6,3,22
2017-06-22 20:00:00-04,51,2017,6,4,23
2017-06-23 20:00:00-04,51,2017,6,5,24
2017-06-24 20:00:00-04,51,2017,6,6,25
2017-06-25 20:00:00-04,52,2017,6,0,26
2017-06-26 20:00:00-04,52,2017,6,1,27
2017-06-27 20:00:00-04,52,2017,6,2,28
2017-06-28 20:00:00-04,52,2017,6,3,29
2017-06-29 20:00:00-04,52,2017,6,4,30
2017-06-30 20:00:00-04,52,2017,7,5,1
2017-07-01 20:00:00-04,52,2017,7,6,2
2017-07-02 20:00:00-04,01,2017,7,0,3
2017-07-03 20:00:00-04,01,2017,7,1,4
2017-07-04 20:00:00-04,01,2017,7,2,5
2017-07-05 20:00:00-04,01,2017,7,3,6
2017-07-06 20:00:00-04,01,2017,7,4,7
2017-07-07 20:00:00-04,01,2017,7,5,8
2017-07-08 20:00:00-04,01,2017,7,6,9
2017-07-09 20:00:00-04,02,2017,7,0,10
2017-07-10 20:00:00-04,02,2017,7,1,11
2017-07-11 20:00:00-04,02,2017,7,2,12
2017-07-12 20:00:00-04,02,2017,7,3,13
2017-07-13 20:00:00-04,02,2017,7,4,14
2017-07-14 20:00:00-04,02,2017,7,5,15
2017-07-15 20:00:00-04,02,2017,7,6,16
2017-07-16 20:00:00-04,03,2017,7,0,17
2017-07-17 20:00:00-04,03,2017,7,1,18
2017-07-18 20:00:00-04,03,2017,7,2,19
2017-07-19 20:00:00-04,03,2017,7,3,20
2017-07-20 20:00:00-04,03,2017,7,4,21
2017-07-21 20:00:00-04,03,2017,7,5,22
2017-07-22 20:00:00-04,03,2017,7,6,23
2017-07-23 20:00:00-04,04,2017,7,0,24
2017-07-24 20:00:00-04,04,2017,7,1,25
2017-07-25 20:00:00-04,04,2017,7,2,26
2017-07-26 20:00:00-04,04,2017,7,3,27
2017-07-27 20:00:00-04,04,2017,7,4,28
2017-07-28 20:00:00-04,04,2017,7,5,29
2017-07-29 20:00:00-04,04,2017,7,6,30
2017-07-30 20:00:00-04,05,2017,7,0,31
2017-07-31 20:00:00-04,05,2017,8,1,1
2017-08-01 20:00:00-04,05,2017,8,2,2
2017-08-02 20:00:00-04,05,2017,8,3,3
2017-08-03 20:00:00-04,05,2017,8,4,4
2017-08-04 20:00:00-04,05,2017,8,5,5
2017-08-05 20:00:00-04,05,2017,8,6,6
2017-08-06 20:00:00-04,06,2017,8,0,7
2017-08-07 20:00:00-04,06,2017,8,1,8
2017-08-08 20:00:00-04,06,2017,8,2,9
2017-08-09 20:00:00-04,06,2017,8,3,10
2017-08-10 20:00:00-04,06,2017,8,4,11
2017-08-11 20:00:00-04,06,2017,8,5,12
2017-08-12 20:00:00-04,06,2017,8,6,13
2017-08-13 20:00:00-04,07,2017,8,0,14
2017-08-14 20:00:00-04,07,2017,8,1,15
2017-08-15 20:00:00-04,07,2017,8,2,16
2017-08-16 20:00:00-04,07,2017,8,3,17
2017-08-17 20:00:00-04,07,2017,8,4,18
2017-08-18 20:00:00-04,07,2017,8,5,19
2017-08-19 20:00:00-04,07,2017,8,6,20
2017-08-20 20:00:00-04,08,2017,8,0,21
2017-08-21 20:00:00-04,08,2017,8,1,22
2017-08-22 20:00:00-04,08,2017,8,2,23
2017-08-23 20:00:00-04,08,2017,8,3,24
2017-08-24 20:00:00-04,08,2017,8,4,25
2017-08-25 20:00:00-04,08,2017,8,5,26
2017-08-26 20:00:00-04,08,2017,8,6,27
2017-08-27 20:00:00-04,09,2017,8,0,28
2017-08-28 20:00:00-04,09,2017,8,1,29
2017-08-29 20:00:00-04,09,2017,8,2,30
2017-08-30 20:00:00-04,09,2017,8,3,31
2017-08-31 20:00:00-04,09,2017,9,4,1
2017-09-01 20:00:00-04,09,2017,9,5,2
2017-09-02 20:00:00-04,09,2017,9,6,3
2017-09-03 20:00:00-04,10,2017,9,0,4
2017-09-04 20:00:00-04,10,2017,9,1,5
2017-09-05 20:00:00-04,10,2017,9,2,6
2017-09-06 20:00:00-04,10,2017,9,3,7
2017-09-07 20:00:00-04,10,2017,9,4,8
2017-09-08 20:00:00-04,10,2017,9,5,9
2017-09-09 20:00:00-04,10,2017,9,6,10
2017-09-10 20:00:00-04,11,2017,9,0,11
2017-09-11 20:00:00-04,11,2017,9,1,12
2017-09-12 20:00:00-04,11,2017,9,2,13
2017-09-13 20:00:00-04,11,2017,9,3,14
2017-09-14 20:00:00-04,11,2017,9,4,15
2017-09-15 20:00:00-04,11,2017,9,5,16
2017-09-16 20:00:00-04,11,2017,9,6,17
2017-09-17 20:00:00-04,12,2017,9,0,18
2017-09-18 20:00:00-04,12,2017,9,1,19
2017-09-19 20:00:00-04,12,2017,9,2,20
2017-09-20 20:00:00-04,12,2017,9,3,21
2017-09-21 20:00:00-04,12,2017,9,4,22
2017-09-22 20:00:00-04,12,2017,9,5,23
2017-09-23 20:00:00-04,12,2017,9,6,24
2017-09-24 20:00:00-04,13,2017,9,0,25
2017-09-25 20:00:00-04,13,2017,9,1,26
2017-09-26 20:00:00-04,13,2017,9,2,27
2017-09-27 20:00:00-04,13,2017,9,3,28
2017-09-28 20:00:00-04,13,2017,9,4,29
2017-09-29 20:00:00-04,13,2017,9,5,30
2017-09-30 20:00:00-04,13,2017,10,6,1
2017-10-01 20:00:00-04,14,2017,10,0,2
2017-10-02 20:00:00-04,14,2017,10,1,3
2017-10-03 20:00:00-04,14,2017,10,2,4
2017-10-04 20:00:00-04,14,2017,10,3,5
2017-10-05 20:00:00-04,14,2017,10,4,6
2017-10-06 20:00:00-04,14,2017,10,5,7
2017-10-07 20:00:00-04,14,2017,10,6,8
2017-10-08 20:00:00-04,15,2017,10,0,9
2017-10-09 20:00:00-04,15,2017,10,1,10
2017-10-10 20:00:00-04,15,2017,10,2,11
2017-10-11 20:00:00-04,15,2017,10,3,12
2017-10-12 20:00:00-04,15,2017,10,4,13
2017-10-13 20:00:00-04,15,2017,10,5,14
2017-10-14 20:00:00-04,15,2017,10,6,15
2017-10-15 20:00:00-04,16,2017,10,0,16
2017-10-16 20:00:00-04,16,2017,10,1,17
2017-10-17 20:00:00-04,16,2017,10,2,18
2017-10-18 20:00:00-04,16,2017,10,3,19
2017-10-19 20:00:00-04,16,2017,10,4,20
2017-10-20 20:00:00-04,16,2017,10,5,21
2017-10-21 20:00:00-04,16,2017,10,6,22
2017-10-22 20:00:00-04,17,2017,10,0,23
2017-10-23 20:00:00-04,17,2017,10,1,24
2017-10-24 20:00:00-04,17,2017,10,2,25
2017-10-25 20:00:00-04,17,2017,10,3,26
2017-10-26 20:00:00-04,17,2017,10,4,27
2017-10-27 20:00:00-04,17,2017,10,5,28
2017-10-28 20:00:00-04,17,2017,10,6,29
2017-10-29 20:00:00-04,18,2017,10,0,30
2017-10-30 20:00:00-04,18,2017,10,1,31
2017-10-31 20:00:00-04,18,2017,11,2,1
2017-11-01 20:00:00-04,18,2017,11,3,2
2017-11-02 20:00:00-04,18,2017,11,4,3
2017-11-03 20:00:00-04,18,2017,11,5,4
2017-11-04 20:00:00-04,18,2017,11,6,5
2017-11-05 19:00:00-05,19,2017,11,0,6
2017-11-06 19:00:00-05,19,2017,11,1,7
2017-11-07 19:00:00-05,19,2017,11,2,8
2017-11-08 19:00:00-05,19,2017,11,3,9
2017-11-09 19:00:00-05,19,2017,11,4,10
2017-11-10 19:00:00-05,19,2017,11,5,11
2017-11-11 19:00:00-05,19,2017,11,6,12
2017-11-12 19:00:00-05,20,2017,11,0,13
2017-11-13 19:00:00-05,20,2017,11,1,14
2017-11-14 19:00:00-05,20,2017,11,2,15
2017-11-15 19:00:00-05,20,2017,11,3,16
2017-11-16 19:00:00-05,20,2017,11,4,17
2017-11-17 19:00:00-05,20,2017,11,5,18
2017-11-18 19:00:00-05,20,2017,11,6,19
2017-11-19 19:00:00-05,21,2017,11,0,20
2017-11-20 19:00:00-05,21,2017,11,1,21
2017-11-21 19:00:00-05,21,2017,11,2,22
2017-11-22 19:00:00-05,21,2017,11,3,23
2017-11-23 19:00:00-05,21,2017,11,4,24
2017-11-24 19:00:00-05,21,2017,11,5,25
2017-11-25 19:00:00-05,21,2017,11,6,26
2017-11-26 19:00:00-05,22,2017,11,0,27
2017-11-27 19:00:00-05,22,2017,11,1,28
2017-11-28 19:00:00-05,22,2017,11,2,29
2017-11-29 19:00:00-05,22,2017,11,3,30
2017-11-30 19:00:00-05,22,2017,12,4,1
2017-12-01 19:00:00-05,22,2017,12,5,2
2017-12-02 19:00:00-05,22,2017,12,6,3
2017-12-03 19:00:00-05,23,2017,12,0,4
2017-12-04 19:00:00-05,23,2017,12,1,5
2017-12-05 19:00:00-05,23,2017,12,2,6
2017-12-06 19:00:00-05,23,2017,12,3,7
2017-12-07 19:00:00-05,23,2017,12,4,8
2017-12-08 19:00:00-05,23,2017,12,5,9
2017-12-09 19:00:00-05,23,2017,12,6,10
2017-12-10 19:00:00-05,24,2017,12,0,11
2017-12-11 19:00:00-05,24,2017,12,1,12
2017-12-12 19:00:00-05,24,2017,12,2,13
2017-12-13 19:00:00-05,24,2017,12,3,14
2017-12-14 19:00:00-05,24,2017,12,4,15
2017-12-15 19:00:00-05,24,2017,12,5,16
2017-12-16 19:00:00-05,24,2017,12,6,17
2017-12-17 19:00:00-05,25,2017,12,0,18
2017-12-18 19:00:00-05,25,2017,12,1,19
2017-12-19 19:00:00-05,25,2017,12,2,20
2017-12-20 19:00:00-05,25,2017,12,3,21
2017-12-21 19:00:00-05,25,2017,12,4,22
2017-12-22 19:00:00-05,25,2017,12,5,23
2017-12-23 19:00:00-05,25,2017,12,6,24
2017-12-24 19:00:00-05,26,2017,12,0,25
2017-12-25 19:00:00-05,26,2017,12,1,26
2017-12-26 19:00:00-05,26,2017,12,2,27
2017-12-27 19:00:00-05,26,2017,12,3,28
2017-12-28 19:00:00-05,26,2017,12,4,29
2017-12-29 19:00:00-05,26,2017,12,5,30
2017-12-30 19:00:00-05,26,2017,12,6,31
2017-12-31 19:00:00-05,27,2018,1,0,1
2018-01-01 19:00:00-05,27,2018,1,1,2
2018-01-02 19:00:00-05,27,2018,1,2,3
2018-01-03 19:00:00-05,27,2018,1,3,4
2018-01-04 19:00:00-05,27,2018,1,4,5
2018-01-05 19:00:00-05,27,2018,1,5,6
2018-01-06 19:00:00-05,27,2018,1,6,7
2018-01-07 19:00:00-05,28,2018,1,0,8
2018-01-08 19:00:00-05,28,2018,1,1,9
2018-01-09 19:00:00-05,28,2018,1,2,10
2018-01-10 19:00:00-05,28,2018,1,3,11
2018-01-11 19:00:00-05,28,2018,1,4,12
2018-01-12 19:00:00-05,28,2018,1,5,13
2018-01-13 19:00:00-05,28,2018,1,6,14
2018-01-14 19:00:00-05,29,2018,1,0,15
2018-01-15 19:00:00-05,29,2018,1,1,16
2018-01-16 19:00:00-05,29,2018,1,2,17
2018-01-17 19:00:00-05,29,2018,1,3,18
2018-01-18 19:00:00-05,29,2018,1,4,19
2018-01-19 19:00:00-05,29,2018,1,5,20
2018-01-20 19:00:00-05,29,2018,1,6,21
2018-01-21 19:00:00-05,30,2018,1,0,22
2018-01-22 19:00:00-05,30,2018,1,1,23
2018-01-23 19:00:00-05,30,2018,1,2,24
2018-01-24 19:00:00-05,30,2018,1,3,25
2018-01-25 19:00:00-05,30,2018,1,4,26
2018-01-26 19:00:00-05,30,2018,1,5,27
2018-01-27 19:00:00-05,30,2018,1,6,28
2018-01-28 19:00:00-05,31,2018,1,0,29
2018-01-29 19:00:00-05,31,2018,1,1,30
2018-01-30 19:00:00-05,31,2018,1,2,31
2018-01-31 19:00:00-05,31,2018,2,3,1
2018-02-01 19:00:00-05,31,2018,2,4,2
2018-02-02 19:00:00-05,31,2018,2,5,3
2018-02-03 19:00:00-05,31,2018,2,6,4
2018-02-04 19:00:00-05,32,2018,2,0,5
2018-02-05 19:00:00-05,32,2018,2,1,6
2018-02-06 19:00:00-05,32,2018,2,2,7
2018-02-07 19:00:00-05,32,2018,2,3,8
2018-02-08 19:00:00-05,32,2018,2,4,9
2018-02-09 19:00:00-05,32,2018,2,5,10
2018-02-10 19:00:00-05,32,2018,2,6,11
2018-02-11 19:00:00-05,33,2018,2,0,12
2018-02-12 19:00:00-05,33,2018,2,1,13
2018-02-13 19:00:00-05,33,2018,2,2,14
2018-02-14 19:00:00-05,33,2018,2,3,15
2018-02-15 19:00:00-05,33,2018,2,4,16
2018-02-16 19:00:00-05,33,2018,2,5,17
2018-02-17 19:00:00-05,33,2018,2,6,18
2018-02-18 19:00:00-05,34,2018,2,0,19
2018-02-19 19:00:00-05,34,2018,2,1,20
2018-02-20 19:00:00-05,34,2018,2,2,21
2018-02-21 19:00:00-05,34,2018,2,3,22
2018-02-22 19:00:00-05,34,2018,2,4,23
2018-02-23 19:00:00-05,34,2018,2,5,24
2018-02-24 19:00:00-05,34,2018,2,6,25
2018-02-25 19:00:00-05,35,2018,2,0,26
2018-02-26 19:00:00-05,35,2018,2,1,27
2018-02-27 19:00:00-05,35,2018,2,2,28
2018-02-28 19:00:00-05,35,2018,3,3,1
2018-03-01 19:00:00-05,35,2018,3,4,2
2018-03-02 19:00:00-05,35,2018,3,5,3
2018-03-03 19:00:00-05,35,2018,3,6,4
2018-03-04 19:00:00-05,36,2018,3,0,5
2018-03-05 19:00:00-05,36,2018,3,1,6
2018-03-06 19:00:00-05,36,2018,3,2,7
2018-03-07 19:00:00-05,36,2018,3,3,8
2018-03-08 19:00:00-05,36,2018,3,4,9
2018-03-09 19:00:00-05,36,2018,3,5,10
2018-03-10 19:00:00-05,36,2018,3,6,11
2018-03-11 20:00:00-04,37,2018,3,0,12
2018-03-12 20:00:00-04,37,2018,3,1,13
2018-03-13 20:00:00-04,37,2018,3,2,14
2018-03-14 20:00:00-04,37,2018,3,3,15
2018-03-15 20:00:00-04,37,2018,3,4,16
2018-03-16 20:00:00-04,37,2018,3,5,17
2018-03-17 20:00:00-04,37,2018,3,6,18
2018-03-18 20:00:00-04,38,2018,3,0,19
2018-03-19 20:00:00-04,38,2018,3,1,20
2018-03-20 20:00:00-04,38,2018,3,2,21
2018-03-21 20:00:00-04,38,2018,3,3,22
2018-03-22 20:00:00-04,38,2018,3,4,23
2018-03-23 20:00:00-04,38,2018,3,5,24
2018-03-24 20:00:00-04,38,2018,3,6,25
2018-03-25 20:00:00-04,39,2018,3,0,26
2018-03-26 20:00:00-04,39,2018,3,1,27
2018-03-27 20:00:00-04,39,2018,3,2,28
2018-03-28 20:00:00-04,39,2018,3,3,29
2018-03-29 20:00:00-04,39,2018,3,4,30
2018-03-30 20:00:00-04,39,2018,3,5,31
2018-03-31 20:00:00-04,39,2018,4,6,1
2018-04-01 20:00:00-04,40,2018,4,0,2
2018-04-02 20:00:00-04,40,2018,4,1,3
2018-04-03 20:00:00-04,40,2018,4,2,4
2018-04-04 20:00:00-04,40,2018,4,3,5
2018-04-05 20:00:00-04,40,2018,4,4,6
2018-04-06 20:00:00-04,40,2018,4,5,7
2018-04-07 20:00:00-04,40,2018,4,6,8
2018-04-08 20:00:00-04,41,2018,4,0,9
2018-04-09 20:00:00-04,41,2018,4,1,10
2018-04-10 20:00:00-04,41,2018,4,2,11
2018-04-11 20:00:00-04,41,2018,4,3,12
2018-04-12 20:00:00-04,41,2018,4,4,13
2018-04-13 20:00:00-04,41,2018,4,5,14
2018-04-14 20:00:00-04,41,2018,4,6,15
2018-04-15 20:00:00-04,42,2018,4,0,16
2018-04-16 20:00:00-04,42,2018,4,1,17
2018-04-17 20:00:00-04,42,2018,4,2,18
2018-04-18 20:00:00-04,42,2018,4,3,19
2018-04-19 20:00:00-04,42,2018,4,4,20
2018-04-20 20:00:00-04,42,2018,4,5,21
2018-04-21 20:00:00-04,42,2018,4,6,22
2018-04-22 20:00:00-04,43,2018,4,0,23
2018-04-23 20:00:00-04,43,2018,4,1,24
2018-04-24 20:00:00-04,43,2018,4,2,25
2018-04-25 20:00:00-04,43,2018,4,3,26
2018-04-26 20:00:00-04,43,2018,4,4,27
2018-04-27 20:00:00-04,43,2018,4,5,28
2018-04-28 20:00:00-04,43,2018,4,6,29
2018-04-29 20:00:00-04,44,2018,4,0,30
2018-04-30 20:00:00-04,44,2018,5,1,1
2018-05-01 20:00:00-04,44,2018,5,2,2
2018-05-02 20:00:00-04,44,2018,5,3,3
2018-05-03 20:00:00-04,44,2018,5,4,4
2018-05-04 20:00:00-04,44,2018,5,5,5
2018-05-05 20:00:00-04,44,2018,5,6,6
2018-05-06 20:00:00-04,45,2018,5,0,7
2018-05-07 20:00:00-04,45,2018,5,1,8
2018-05-08 20:00:00-04,45,2018,5,2,9
2018-05-09 20:00:00-04,45,2018,5,3,10
2018-05-10 20:00:00-04,45,2018,5,4,11
2018-05-11 20:00:00-04,45,2018,5,5,12
2018-05-12 20:00:00-04,45,2018,5,6,13
2018-05-13 20:00:00-04,46,2018,5,0,14
2018-05-14 20:00:00-04,46,2018,5,1,15
2018-05-15 20:00:00-04,46,2018,5,2,16
2018-05-16 20:00:00-04,46,2018,5,3,17
2018-05-17 20:00:00-04,46,2018,5,4,18
2018-05-18 20:00:00-04,46,2018,5,5,19
2018-05-19 20:00:00-04,46,2018,5,6,20
2018-05-20 20:00:00-04,47,2018,5,0,21
2018-05-21 20:00:00-04,47,2018,5,1,22
2018-05-22 20:00:00-04,47,2018,5,2,23
2018-05-23 20:00:00-04,47,2018,5,3,24
2018-05-24 20:00:00-04,47,2018,5,4,25
2018-05-25 20:00:00-04,47,2018,5,5,26
2018-05-26 20:00:00-04,47,2018,5,6,27
2018-05-27 20:00:00-04,48,2018,5,0,28
2018-05-28 20:00:00-04,48,2018,5,1,29
2018-05-29 20:00:00-04,48,2018,5,2,30
2018-05-30 20:00:00-04,48,2018,5,3,31
2018-05-31 20:00:00-04,48,2018,6,4,1
2018-06-01 20:00:00-04,48,2018,6,5,2
2018-06-02 20:00:00-04,48,2018,6,6,3
2018-06-03 20:00:00-04,49,2018,6,0,4
2018-06-04 20:00:00-04,49,2018,6,1,5
2018-06-05 20:00:00-04,49,2018,6,2,6
2018-06-06 20:00:00-04,49,2018,6,3,7
2018-06-07 20:00:00-04,49,2018,6,4,8
2018-06-08 20:00:00-04,49,2018,6,5,9
2018-06-09 20:00:00-04,49,2018,6,6,10
2018-06-10 20:00:00-04,50,2018,6,0,11
2018-06-11 20:00:00-04,50,2018,6,1,12
2018-06-12 20:00:00-04,50,2018,6,2,13
2018-06-13 20:00:00-04,50,2018,6,3,14
2018-06-14 20:00:00-04,50,2018,6,4,15
2018-06-15 20:00:00-04,50,2018,6,5,16
2018-06-16 20:00:00-04,50,2018,6,6,17
2018-06-17 20:00:00-04,51,2018,6,0,18
2018-06-18 20:00:00-04,51,2018,6,1,19
2018-06-19 20:00:00-04,51,2018,6,2,20
2018-06-20 20:00:00-04,51,2018,6,3,21
2018-06-21 20:00:00-04,51,2018,6,4,22
2018-06-22 20:00:00-04,51,2018,6,5,23
2018-06-23 20:00:00-04,51,2018,6,6,24
2018-06-24 20:00:00-04,52,2018,6,0,25
2018-06-25 20:00:00-04,52,2018,6,1,26
2018-06-26 20:00:00-04,52,2018,6,2,27
2018-06-27 20:00:00-04,52,2018,6,3,28
2018-06-28 20:00:00-04,52,2018,6,4,29
2018-06-29 20:00:00-04,52,2018,6,5,30
2018-06-30 20:00:00-04,52,2018,7,6,1
2018-07-01 20:00:00-04,01,2018,7,0,2
2018-07-02 20:00:00-04,01,2018,7,1,3
2018-07-03 20:00:00-04,01,2018,7,2,4
2018-07-04 20:00:00-04,01,2018,7,3,5
2018-07-05 20:00:00-04,01,2018,7,4,6
2018-07-06 20:00:00-04,01,2018,7,5,7
2018-07-07 20:00:00-04,01,2018,7,6,8
2018-07-08 20:00:00-04,02,2018,7,0,9
2018-07-09 20:00:00-04,02,2018,7,1,10
2018-07-10 20:00:00-04,02,2018,7,2,11
2018-07-11 20:00:00-04,02,2018,7,3,12
2018-07-12 20:00:00-04,02,2018,7,4,13
2018-07-13 20:00:00-04,02,2018,7,5,14
2018-07-14 20:00:00-04,02,2018,7,6,15
2018-07-15 20:00:00-04,03,2018,7,0,16
2018-07-16 20:00:00-04,03,2018,7,1,17
2018-07-17 20:00:00-04,03,2018,7,2,18
2018-07-18 20:00:00-04,03,2018,7,3,19
2018-07-19 20:00:00-04,03,2018,7,4,20
2018-07-20 20:00:00-04,03,2018,7,5,21
2018-07-21 20:00:00-04,03,2018,7,6,22
2018-07-22 20:00:00-04,04,2018,7,0,23
2018-07-23 20:00:00-04,04,2018,7,1,24
2018-07-24 20:00:00-04,04,2018,7,2,25
2018-07-25 20:00:00-04,04,2018,7,3,26
2018-07-26 20:00:00-04,04,2018,7,4,27
2018-07-27 20:00:00-04,04,2018,7,5,28
2018-07-28 20:00:00-04,04,2018,7,6,29
2018-07-29 20:00:00-04,05,2018,7,0,30
2018-07-30 20:00:00-04,05,2018,7,1,31
2018-07-31 20:00:00-04,05,2018,8,2,1
2018-08-01 20:00:00-04,05,2018,8,3,2
2018-08-02 20:00:00-04,05,2018,8,4,3
2018-08-03 20:00:00-04,05,2018,8,5,4
2018-08-04 20:00:00-04,05,2018,8,6,5
2018-08-05 20:00:00-04,06,2018,8,0,6
2018-08-06 20:00:00-04,06,2018,8,1,7
2018-08-07 20:00:00-04,06,2018,8,2,8
2018-08-08 20:00:00-04,06,2018,8,3,9
2018-08-09 20:00:00-04,06,2018,8,4,10
2018-08-10 20:00:00-04,06,2018,8,5,11
2018-08-11 20:00:00-04,06,2018,8,6,12
2018-08-12 20:00:00-04,07,2018,8,0,13
2018-08-13 20:00:00-04,07,2018,8,1,14
2018-08-14 20:00:00-04,07,2018,8,2,15
2018-08-15 20:00:00-04,07,2018,8,3,16
2018-08-16 20:00:00-04,07,2018,8,4,17
2018-08-17 20:00:00-04,07,2018,8,5,18
2018-08-18 20:00:00-04,07,2018,8,6,19
2018-08-19 20:00:00-04,08,2018,8,0,20
2018-08-20 20:00:00-04,08,2018,8,1,21
2018-08-21 20:00:00-04,08,2018,8,2,22
2018-08-22 20:00:00-04,08,2018,8,3,23
2018-08-23 20:00:00-04,08,2018,8,4,24
2018-08-24 20:00:00-04,08,2018,8,5,25
2018-08-25 20:00:00-04,08,2018,8,6,26
2018-08-26 20:00:00-04,09,2018,8,0,27
2018-08-27 20:00:00-04,09,2018,8,1,28
2018-08-28 20:00:00-04,09,2018,8,2,29
2018-08-29 20:00:00-04,09,2018,8,3,30
2018-08-30 20:00:00-04,09,2018,8,4,31
2018-08-31 20:00:00-04,09,2018,9,5,1
2018-09-01 20:00:00-04,09,2018,9,6,2
2018-09-02 20:00:00-04,10,2018,9,0,3
2018-09-03 20:00:00-04,10,2018,9,1,4
2018-09-04 20:00:00-04,10,2018,9,2,5
2018-09-05 20:00:00-04,10,2018,9,3,6
2018-09-06 20:00:00-04,10,2018,9,4,7
2018-09-07 20:00:00-04,10,2018,9,5,8
2018-09-08 20:00:00-04,10,2018,9,6,9
2018-09-09 20:00:00-04,11,2018,9,0,10
2018-09-10 20:00:00-04,11,2018,9,1,11
2018-09-11 20:00:00-04,11,2018,9,2,12
2018-09-12 20:00:00-04,11,2018,9,3,13
2018-09-13 20:00:00-04,11,2018,9,4,14
2018-09-14 20:00:00-04,11,2018,9,5,15
2018-09-15 20:00:00-04,11,2018,9,6,16
2018-09-16 20:00:00-04,12,2018,9,0,17
2018-09-17 20:00:00-04,12,2018,9,1,18
2018-09-18 20:00:00-04,12,2018,9,2,19
2018-09-19 20:00:00-04,12,2018,9,3,20
2018-09-20 20:00:00-04,12,2018,9,4,21
2018-09-21 20:00:00-04,12,2018,9,5,22
2018-09-22 20:00:00-04,12,2018,9,6,23
2018-09-23 20:00:00-04,13,2018,9,0,24
2018-09-24 20:00:00-04,13,2018,9,1,25
2018-09-25 20:00:00-04,13,2018,9,2,26
2018-09-26 20:00:00-04,13,2018,9,3,27
2018-09-27 20:00:00-04,13,2018,9,4,28
2018-09-28 20:00:00-04,13,2018,9,5,29
2018-09-29 20:00:00-04,13,2018,9,6,30
2018-09-30 20:00:00-04,14,2018,10,0,1
2018-10-01 20:00:00-04,14,2018,10,1,2
2018-10-02 20:00:00-04,14,2018,10,2,3
2018-10-03 20:00:00-04,14,2018,10,3,4
2018-10-04 20:00:00-04,14,2018,10,4,5
2018-10-05 20:00:00-04,14,2018,10,5,6
2018-10-06 20:00:00-04,14,2018,10,6,7
2018-10-07 20:00:00-04,15,2018,10,0,8
2018-10-08 20:00:00-04,15,2018,10,1,9
2018-10-09 20:00:00-04,15,2018,10,2,10
2018-10-10 20:00:00-04,15,2018,10,3,11
2018-10-11 20:00:00-04,15,2018,10,4,12
2018-10-12 20:00:00-04,15,2018,10,5,13
2018-10-13 20:00:00-04,15,2018,10,6,14
2018-10-14 20:00:00-04,16,2018,10,0,15
2018-10-15 20:00:00-04,16,2018,10,1,16
2018-10-16 20:00:00-04,16,2018,10,2,17
2018-10-17 20:00:00-04,16,2018,10,3,18
2018-10-18 20:00:00-04,16,2018,10,4,19
2018-10-19 20:00:00-04,16,2018,10,5,20
2018-10-20 20:00:00-04,16,2018,10,6,21
2018-10-21 20:00:00-04,17,2018,10,0,22
2018-10-22 20:00:00-04,17,2018,10,1,23
2018-10-23 20:00:00-04,17,2018,10,2,24
2018-10-24 20:00:00-04,17,2018,10,3,25
2018-10-25 20:00:00-04,17,2018,10,4,26
2018-10-26 20:00:00-04,17,2018,10,5,27
2018-10-27 20:00:00-04,17,2018,10,6,28
2018-10-28 20:00:00-04,18,2018,10,0,29
2018-10-29 20:00:00-04,18,2018,10,1,30
2018-10-30 20:00:00-04,18,2018,10,2,31
2018-10-31 20:00:00-04,18,2018,11,3,1
2018-11-01 20:00:00-04,18,2018,11,4,2
2018-11-02 20:00:00-04,18,2018,11,5,3
2018-11-03 20:00:00-04,18,2018,11,6,4
2018-11-04 19:00:00-05,19,2018,11,0,5
2018-11-05 19:00:00-05,19,2018,11,1,6
2018-11-06 19:00:00-05,19,2018,11,2,7
2018-11-07 19:00:00-05,19,2018,11,3,8
2018-11-08 19:00:00-05,19,2018,11,4,9
2018-11-09 19:00:00-05,19,2018,11,5,10
2018-11-10 19:00:00-05,19,2018,11,6,11
2018-11-11 19:00:00-05,20,2018,11,0,12
2018-11-12 19:00:00-05,20,2018,11,1,13
2018-11-13 19:00:00-05,20,2018,11,2,14
2018-11-14 19:00:00-05,20,2018,11,3,15
2018-11-15 19:00:00-05,20,2018,11,4,16
2018-11-16 19:00:00-05,20,2018,11,5,17
2018-11-17 19:00:00-05,20,2018,11,6,18
2018-11-18 19:00:00-05,21,2018,11,0,19
2018-11-19 19:00:00-05,21,2018,11,1,20
2018-11-20 19:00:00-05,21,2018,11,2,21
2018-11-21 19:00:00-05,21,2018,11,3,22
2018-11-22 19:00:00-05,21,2018,11,4,23
2018-11-23 19:00:00-05,21,2018,11,5,24
2018-11-24 19:00:00-05,21,2018,11,6,25
2018-11-25 19:00:00-05,22,2018,11,0,26
2018-11-26 19:00:00-05,22,2018,11,1,27
2018-11-27 19:00:00-05,22,2018,11,2,28
2018-11-28 19:00:00-05,22,2018,11,3,29
2018-11-29 19:00:00-05,22,2018,11,4,30
2018-11-30 19:00:00-05,22,2018,12,5,1
2018-12-01 19:00:00-05,22,2018,12,6,2
2018-12-02 19:00:00-05,23,2018,12,0,3
2018-12-03 19:00:00-05,23,2018,12,1,4
2018-12-04 19:00:00-05,23,2018,12,2,5
2018-12-05 19:00:00-05,23,2018,12,3,6
2018-12-06 19:00:00-05,23,2018,12,4,7
2018-12-07 19:00:00-05,23,2018,12,5,8
2018-12-08 19:00:00-05,23,2018,12,6,9
2018-12-09 19:00:00-05,24,2018,12,0,10
2018-12-10 19:00:00-05,24,2018,12,1,11
2018-12-11 19:00:00-05,24,2018,12,2,12
2018-12-12 19:00:00-05,24,2018,12,3,13
2018-12-13 19:00:00-05,24,2018,12,4,14
2018-12-14 19:00:00-05,24,2018,12,5,15
2018-12-15 19:00:00-05,24,2018,12,6,16
2018-12-16 19:00:00-05,25,2018,12,0,17
2018-12-17 19:00:00-05,25,2018,12,1,18
2018-12-18 19:00:00-05,25,2018,12,2,19
2018-12-19 19:00:00-05,25,2018,12,3,20
2018-12-20 19:00:00-05,25,2018,12,4,21
2018-12-21 19:00:00-05,25,2018,12,5,22
2018-12-22 19:00:00-05,25,2018,12,6,23
2018-12-23 19:00:00-05,26,2018,12,0,24
2018-12-24 19:00:00-05,26,2018,12,1,25
2018-12-25 19:00:00-05,26,2018,12,2,26
2018-12-26 19:00:00-05,26,2018,12,3,27
2018-12-27 19:00:00-05,26,2018,12,4,28
2018-12-28 19:00:00-05,26,2018,12,5,29
2018-12-29 19:00:00-05,26,2018,12,6,30
2018-12-30 19:00:00-05,27,2018,12,0,31
2018-12-31 19:00:00-05,01,2019,1,1,1
2019-01-01 19:00:00-05,01,2019,1,2,2
2019-01-02 19:00:00-05,01,2019,1,3,3
2019-01-03 19:00:00-05,01,2019,1,4,4
2019-01-04 19:00:00-05,01,2019,1,5,5
2019-01-05 19:00:00-05,01,2019,1,6,6
2019-01-06 19:00:00-05,02,2019,1,0,7
2019-01-07 19:00:00-05,02,2019,1,1,8
2019-01-08 19:00:00-05,02,2019,1,2,9
2019-01-09 19:00:00-05,02,2019,1,3,10
2019-01-10 19:00:00-05,02,2019,1,4,11
2019-01-11 19:00:00-05,02,2019,1,5,12
2019-01-12 19:00:00-05,02,2019,1,6,13
2019-01-13 19:00:00-05,03,2019,1,0,14
2019-01-14 19:00:00-05,03,2019,1,1,15
2019-01-15 19:00:00-05,03,2019,1,2,16
2019-01-16 19:00:00-05,03,2019,1,3,17
2019-01-17 19:00:00-05,03,2019,1,4,18
2019-01-18 19:00:00-05,03,2019,1,5,19
2019-01-19 19:00:00-05,03,2019,1,6,20
2019-01-20 19:00:00-05,04,2019,1,0,21
2019-01-21 19:00:00-05,04,2019,1,1,22
2019-01-22 19:00:00-05,04,2019,1,2,23
2019-01-23 19:00:00-05,04,2019,1,3,24
2019-01-24 19:00:00-05,04,2019,1,4,25
2019-01-25 19:00:00-05,04,2019,1,5,26
2019-01-26 19:00:00-05,04,2019,1,6,27
2019-01-27 19:00:00-05,05,2019,1,0,28
2019-01-28 19:00:00-05,05,2019,1,1,29
2019-01-29 19:00:00-05,05,2019,1,2,30
2019-01-30 19:00:00-05,05,2019,1,3,31
2019-01-31 19:00:00-05,05,2019,2,4,1
2019-02-01 19:00:00-05,05,2019,2,5,2
2019-02-02 19:00:00-05,05,2019,2,6,3
2019-02-03 19:00:00-05,06,2019,2,0,4
2019-02-04 19:00:00-05,06,2019,2,1,5
2019-02-05 19:00:00-05,06,2019,2,2,6
2019-02-06 19:00:00-05,06,2019,2,3,7
2019-02-07 19:00:00-05,06,2019,2,4,8
2019-02-08 19:00:00-05,06,2019,2,5,9
2019-02-09 19:00:00-05,06,2019,2,6,10
2019-02-10 19:00:00-05,07,2019,2,0,11
2019-02-11 19:00:00-05,07,2019,2,1,12
2019-02-12 19:00:00-05,07,2019,2,2,13
2019-02-13 19:00:00-05,07,2019,2,3,14
2019-02-14 19:00:00-05,07,2019,2,4,15
2019-02-15 19:00:00-05,07,2019,2,5,16
2019-02-16 19:00:00-05,07,2019,2,6,17
2019-02-17 19:00:00-05,08,2019,2,0,18
2019-02-18 19:00:00-05,08,2019,2,1,19
2019-02-19 19:00:00-05,08,2019,2,2,20
2019-02-20 19:00:00-05,08,2019,2,3,21
2019-02-21 19:00:00-05,08,2019,2,4,22
2019-02-22 19:00:00-05,08,2019,2,5,23
2019-02-23 19:00:00-05,08,2019,2,6,24
2019-02-24 19:00:00-05,09,2019,2,0,25
2019-02-25 19:00:00-05,09,2019,2,1,26
2019-02-26 19:00:00-05,09,2019,2,2,27
2019-02-27 19:00:00-05,09,2019,2,3,28
2019-02-28 19:00:00-05,09,2019,3,4,1
2019-03-01 19:00:00-05,09,2019,3,5,2
2019-03-02 19:00:00-05,09,2019,3,6,3
2019-03-03 19:00:00-05,10,2019,3,0,4
2019-03-04 19:00:00-05,10,2019,3,1,5
2019-03-05 19:00:00-05,10,2019,3,2,6
2019-03-06 19:00:00-05,10,2019,3,3,7
2019-03-07 19:00:00-05,10,2019,3,4,8
2019-03-08 19:00:00-05,10,2019,3,5,9
2019-03-09 19:00:00-05,10,2019,3,6,10
2019-03-10 20:00:00-04,11,2019,3,0,11
2019-03-11 20:00:00-04,11,2019,3,1,12
2019-03-12 20:00:00-04,11,2019,3,2,13
2019-03-13 20:00:00-04,11,2019,3,3,14
2019-03-14 20:00:00-04,11,2019,3,4,15
2019-03-15 20:00:00-04,11,2019,3,5,16
2019-03-16 20:00:00-04,11,2019,3,6,17
2019-03-17 20:00:00-04,12,2019,3,0,18
2019-03-18 20:00:00-04,12,2019,3,1,19
2019-03-19 20:00:00-04,12,2019,3,2,20
2019-03-20 20:00:00-04,12,2019,3,3,21
2019-03-21 20:00:00-04,12,2019,3,4,22
2019-03-22 20:00:00-04,12,2019,3,5,23
2019-03-23 20:00:00-04,12,2019,3,6,24
2019-03-24 20:00:00-04,13,2019,3,0,25
2019-03-25 20:00:00-04,13,2019,3,1,26
2019-03-26 20:00:00-04,13,2019,3,2,27
2019-03-27 20:00:00-04,13,2019,3,3,28
2019-03-28 20:00:00-04,13,2019,3,4,29
2019-03-29 20:00:00-04,13,2019,3,5,30
2019-03-30 20:00:00-04,13,2019,3,6,31
2019-03-31 20:00:00-04,14,2019,4,0,1
2019-04-01 20:00:00-04,14,2019,4,1,2
2019-04-02 20:00:00-04,14,2019,4,2,3
2019-04-03 20:00:00-04,14,2019,4,3,4
2019-04-04 20:00:00-04,14,2019,4,4,5
2019-04-05 20:00:00-04,14,2019,4,5,6
2019-04-06 20:00:00-04,14,2019,4,6,7
2019-04-07 20:00:00-04,15,2019,4,0,8
2019-04-08 20:00:00-04,15,2019,4,1,9
2019-04-09 20:00:00-04,15,2019,4,2,10
2019-04-10 20:00:00-04,15,2019,4,3,11
2019-04-11 20:00:00-04,15,2019,4,4,12
2019-04-12 20:00:00-04,15,2019,4,5,13
2019-04-13 20:00:00-04,15,2019,4,6,14
2019-04-14 20:00:00-04,16,2019,4,0,15
2019-04-15 20:00:00-04,16,2019,4,1,16
2019-04-16 20:00:00-04,16,2019,4,2,17
2019-04-17 20:00:00-04,16,2019,4,3,18
2019-04-18 20:00:00-04,16,2019,4,4,19
2019-04-19 20:00:00-04,16,2019,4,5,20
2019-04-20 20:00:00-04,16,2019,4,6,21
2019-04-21 20:00:00-04,17,2019,4,0,22
2019-04-22 20:00:00-04,17,2019,4,1,23
2019-04-23 20:00:00-04,17,2019,4,2,24
2019-04-24 20:00:00-04,17,2019,4,3,25
2019-04-25 20:00:00-04,17,2019,4,4,26
2019-04-26 20:00:00-04,17,2019,4,5,27
2019-04-27 20:00:00-04,17,2019,4,6,28
2019-04-28 20:00:00-04,18,2019,4,0,29
2019-04-29 20:00:00-04,18,2019,4,1,30
2019-04-30 20:00:00-04,18,2019,5,2,1
2019-05-01 20:00:00-04,18,2019,5,3,2
2019-05-02 20:00:00-04,18,2019,5,4,3
2019-05-03 20:00:00-04,18,2019,5,5,4
2019-05-04 20:00:00-04,18,2019,5,6,5
2019-05-05 20:00:00-04,19,2019,5,0,6
2019-05-06 20:00:00-04,19,2019,5,1,7
2019-05-07 20:00:00-04,19,2019,5,2,8
2019-05-08 20:00:00-04,19,2019,5,3,9
2019-05-09 20:00:00-04,19,2019,5,4,10
2019-05-10 20:00:00-04,19,2019,5,5,11
2019-05-11 20:00:00-04,19,2019,5,6,12
2019-05-12 20:00:00-04,20,2019,5,0,13
2019-05-13 20:00:00-04,20,2019,5,1,14
2019-05-14 20:00:00-04,20,2019,5,2,15
2019-05-15 20:00:00-04,20,2019,5,3,16
2019-05-16 20:00:00-04,20,2019,5,4,17
2019-05-17 20:00:00-04,20,2019,5,5,18
2019-05-18 20:00:00-04,20,2019,5,6,19
2019-05-19 20:00:00-04,21,2019,5,0,20
2019-05-20 20:00:00-04,21,2019,5,1,21
2019-05-21 20:00:00-04,21,2019,5,2,22
2019-05-22 20:00:00-04,21,2019,5,3,23
2019-05-23 20:00:00-04,21,2019,5,4,24
2019-05-24 20:00:00-04,21,2019,5,5,25
2019-05-25 20:00:00-04,21,2019,5,6,26
2019-05-26 20:00:00-04,22,2019,5,0,27
2019-05-27 20:00:00-04,22,2019,5,1,28
2019-05-28 20:00:00-04,22,2019,5,2,29
2019-05-29 20:00:00-04,22,2019,5,3,30
2019-05-30 20:00:00-04,22,2019,5,4,31
2019-05-31 20:00:00-04,22,2019,6,5,1
2019-06-01 20:00:00-04,22,2019,6,6,2
2019-06-02 20:00:00-04,23,2019,6,0,3
2019-06-03 20:00:00-04,23,2019,6,1,4
2019-06-04 20:00:00-04,23,2019,6,2,5
2019-06-05 20:00:00-04,23,2019,6,3,6
2019-06-06 20:00:00-04,23,2019,6,4,7
2019-06-07 20:00:00-04,23,2019,6,5,8
2019-06-08 20:00:00-04,23,2019,6,6,9
2019-06-09 20:00:00-04,24,2019,6,0,10
2019-06-10 20:00:00-04,24,2019,6,1,11
2019-06-11 20:00:00-04,24,2019,6,2,12
2019-06-12 20:00:00-04,24,2019,6,3,13
2019-06-13 20:00:00-04,24,2019,6,4,14
2019-06-14 20:00:00-04,24,2019,6,5,15
2019-06-15 20:00:00-04,24,2019,6,6,16
2019-06-16 20:00:00-04,25,2019,6,0,17
2019-06-17 20:00:00-04,25,2019,6,1,18
2019-06-18 20:00:00-04,25,2019,6,2,19
2019-06-19 20:00:00-04,25,2019,6,3,20
2019-06-20 20:00:00-04,25,2019,6,4,21
2019-06-21 20:00:00-04,25,2019,6,5,22
2019-06-22 20:00:00-04,25,2019,6,6,23
2019-06-23 20:00:00-04,26,2019,6,0,24
2019-06-24 20:00:00-04,26,2019,6,1,25
2019-06-25 20:00:00-04,26,2019,6,2,26
2019-06-26 20:00:00-04,26,2019,6,3,27
2019-06-27 20:00:00-04,26,2019,6,4,28
2019-06-28 20:00:00-04,26,2019,6,5,29
2019-06-29 20:00:00-04,26,2019,6,6,30
2019-06-30 20:00:00-04,27,2019,7,0,1
2019-07-01 20:00:00-04,27,2019,7,1,2
2019-07-02 20:00:00-04,27,2019,7,2,3
2019-07-03 20:00:00-04,27,2019,7,3,4
2019-07-04 20:00:00-04,27,2019,7,4,5
2019-07-05 20:00:00-04,27,2019,7,5,6
2019-07-06 20:00:00-04,27,2019,7,6,7
2019-07-07 20:00:00-04,28,2019,7,0,8
2019-07-08 20:00:00-04,28,2019,7,1,9
2019-07-09 20:00:00-04,28,2019,7,2,10
2019-07-10 20:00:00-04,28,2019,7,3,11
2019-07-11 20:00:00-04,28,2019,7,4,12
2019-07-12 20:00:00-04,28,2019,7,5,13
2019-07-13 20:00:00-04,28,2019,7,6,14
2019-07-14 20:00:00-04,29,2019,7,0,15
2019-07-15 20:00:00-04,29,2019,7,1,16
2019-07-16 20:00:00-04,29,2019,7,2,17
2019-07-17 20:00:00-04,29,2019,7,3,18
2019-07-18 20:00:00-04,29,2019,7,4,19
2019-07-19 20:00:00-04,29,2019,7,5,20
2019-07-20 20:00:00-04,29,2019,7,6,21
2019-07-21 20:00:00-04,30,2019,7,0,22
2019-07-22 20:00:00-04,30,2019,7,1,23
2019-07-23 20:00:00-04,30,2019,7,2,24
2019-07-24 20:00:00-04,30,2019,7,3,25
2019-07-25 20:00:00-04,30,2019,7,4,26
2019-07-26 20:00:00-04,30,2019,7,5,27
2019-07-27 20:00:00-04,30,2019,7,6,28
2019-07-28 20:00:00-04,31,2019,7,0,29
2019-07-29 20:00:00-04,31,2019,7,1,30
2019-07-30 20:00:00-04,31,2019,7,2,31
2019-07-31 20:00:00-04,31,2019,8,3,1
2019-08-01 20:00:00-04,31,2019,8,4,2
2019-08-02 20:00:00-04,31,2019,8,5,3
2019-08-03 20:00:00-04,31,2019,8,6,4
2019-08-04 20:00:00-04,32,2019,8,0,5
2019-08-05 20:00:00-04,32,2019,8,1,6
2019-08-06 20:00:00-04,32,2019,8,2,7
2019-08-07 20:00:00-04,32,2019,8,3,8
2019-08-08 20:00:00-04,32,2019,8,4,9
2019-08-09 20:00:00-04,32,2019,8,5,10
2019-08-10 20:00:00-04,32,2019,8,6,11
2019-08-11 20:00:00-04,33,2019,8,0,12
2019-08-12 20:00:00-04,33,2019,8,1,13
2019-08-13 20:00:00-04,33,2019,8,2,14
2019-08-14 20:00:00-04,33,2019,8,3,15
2019-08-15 20:00:00-04,33,2019,8,4,16
2019-08-16 20:00:00-04,33,2019,8,5,17
2019-08-17 20:00:00-04,33,2019,8,6,18
2019-08-18 20:00:00-04,34,2019,8,0,19
2019-08-19 20:00:00-04,34,2019,8,1,20
2019-08-20 20:00:00-04,34,2019,8,2,21
2019-08-21 20:00:00-04,34,2019,8,3,22
2019-08-22 20:00:00-04,34,2019,8,4,23
2019-08-23 20:00:00-04,34,2019,8,5,24
2019-08-24 20:00:00-04,34,2019,8,6,25
2019-08-25 20:00:00-04,35,2019,8,0,26
2019-08-26 20:00:00-04,35,2019,8,1,27
2019-08-27 20:00:00-04,35,2019,8,2,28
2019-08-28 20:00:00-04,35,2019,8,3,29
2019-08-29 20:00:00-04,35,2019,8,4,30
2019-08-30 20:00:00-04,35,2019,8,5,31
2019-08-31 20:00:00-04,35,2019,9,6,1
2019-09-01 20:00:00-04,36,2019,9,0,2
2019-09-02 20:00:00-04,36,2019,9,1,3
2019-09-03 20:00:00-04,36,2019,9,2,4
2019-09-04 20:00:00-04,36,2019,9,3,5
2019-09-05 20:00:00-04,36,2019,9,4,6
2019-09-06 20:00:00-04,36,2019,9,5,7
2019-09-07 20:00:00-04,36,2019,9,6,8
2019-09-08 20:00:00-04,37,2019,9,0,9
2019-09-09 20:00:00-04,37,2019,9,1,10
2019-09-10 20:00:00-04,37,2019,9,2,11
2019-09-11 20:00:00-04,37,2019,9,3,12
2019-09-12 20:00:00-04,37,2019,9,4,13
2019-09-13 20:00:00-04,37,2019,9,5,14
2019-09-14 20:00:00-04,37,2019,9,6,15
2019-09-15 20:00:00-04,38,2019,9,0,16
2019-09-16 20:00:00-04,38,2019,9,1,17
2019-09-17 20:00:00-04,38,2019,9,2,18
2019-09-18 20:00:00-04,38,2019,9,3,19
2019-09-19 20:00:00-04,38,2019,9,4,20
2019-09-20 20:00:00-04,38,2019,9,5,21
2019-09-21 20:00:00-04,38,2019,9,6,22
2019-09-22 20:00:00-04,39,2019,9,0,23
2019-09-23 20:00:00-04,39,2019,9,1,24
2019-09-24 20:00:00-04,39,2019,9,2,25
2019-09-25 20:00:00-04,39,2019,9,3,26
2019-09-26 20:00:00-04,39,2019,9,4,27
2019-09-27 20:00:00-04,39,2019,9,5,28
2019-09-28 20:00:00-04,39,2019,9,6,29
2019-09-29 20:00:00-04,40,2019,9,0,30
2019-09-30 20:00:00-04,40,2019,10,1,1
2019-10-01 20:00:00-04,40,2019,10,2,2
2019-10-02 20:00:00-04,40,2019,10,3,3
2019-10-03 20:00:00-04,40,2019,10,4,4
2019-10-04 20:00:00-04,40,2019,10,5,5
2019-10-05 20:00:00-04,40,2019,10,6,6
2019-10-06 20:00:00-04,41,2019,10,0,7
2019-10-07 20:00:00-04,41,2019,10,1,8
2019-10-08 20:00:00-04,41,2019,10,2,9
2019-10-09 20:00:00-04,41,2019,10,3,10
2019-10-10 20:00:00-04,41,2019,10,4,11
2019-10-11 20:00:00-04,41,2019,10,5,12
2019-10-12 20:00:00-04,41,2019,10,6,13
2019-10-13 20:00:00-04,42,2019,10,0,14
2019-10-14 20:00:00-04,42,2019,10,1,15
2019-10-15 20:00:00-04,42,2019,10,2,16
2019-10-16 20:00:00-04,42,2019,10,3,17
2019-10-17 20:00:00-04,42,2019,10,4,18
2019-10-18 20:00:00-04,42,2019,10,5,19
2019-10-19 20:00:00-04,42,2019,10,6,20
2019-10-20 20:00:00-04,43,2019,10,0,21
2019-10-21 20:00:00-04,43,2019,10,1,22
2019-10-22 20:00:00-04,43,2019,10,2,23
2019-10-23 20:00:00-04,43,2019,10,3,24
2019-10-24 20:00:00-04,43,2019,10,4,25
2019-10-25 20:00:00-04,43,2019,10,5,26
2019-10-26 20:00:00-04,43,2019,10,6,27
2019-10-27 20:00:00-04,44,2019,10,0,28
2019-10-28 20:00:00-04,44,2019,10,1,29
2019-10-29 20:00:00-04,44,2019,10,2,30
2019-10-30 20:00:00-04,44,2019,10,3,31
2019-10-31 20:00:00-04,44,2019,11,4,1
2019-11-01 20:00:00-04,44,2019,11,5,2
2019-11-02 20:00:00-04,44,2019,11,6,3
2019-11-03 19:00:00-05,45,2019,11,0,4
2019-11-04 19:00:00-05,45,2019,11,1,5
2019-11-05 19:00:00-05,45,2019,11,2,6
2019-11-06 19:00:00-05,45,2019,11,3,7
2019-11-07 19:00:00-05,45,2019,11,4,8
2019-11-08 19:00:00-05,45,2019,11,5,9
2019-11-09 19:00:00-05,45,2019,11,6,10
2019-11-10 19:00:00-05,46,2019,11,0,11
2019-11-11 19:00:00-05,46,2019,11,1,12
2019-11-12 19:00:00-05,46,2019,11,2,13
2019-11-13 19:00:00-05,46,2019,11,3,14
2019-11-14 19:00:00-05,46,2019,11,4,15
2019-11-15 19:00:00-05,46,2019,11,5,16
2019-11-16 19:00:00-05,46,2019,11,6,17
2019-11-17 19:00:00-05,47,2019,11,0,18
2019-11-18 19:00:00-05,47,2019,11,1,19
2019-11-19 19:00:00-05,47,2019,11,2,20
2019-11-20 19:00:00-05,47,2019,11,3,21
2019-11-21 19:00:00-05,47,2019,11,4,22
2019-11-22 19:00:00-05,47,2019,11,5,23
2019-11-23 19:00:00-05,47,2019,11,6,24
2019-11-24 19:00:00-05,48,2019,11,0,25
2019-11-25 19:00:00-05,48,2019,11,1,26
2019-11-26 19:00:00-05,48,2019,11,2,27
2019-11-27 19:00:00-05,48,2019,11,3,28
2019-11-28 19:00:00-05,48,2019,11,4,29
2019-11-29 19:00:00-05,48,2019,11,5,30
2019-11-30 19:00:00-05,48,2019,12,6,1
2019-12-01 19:00:00-05,49,2019,12,0,2
2019-12-02 19:00:00-05,49,2019,12,1,3
2019-12-03 19:00:00-05,49,2019,12,2,4
2019-12-04 19:00:00-05,49,2019,12,3,5
2019-12-05 19:00:00-05,49,2019,12,4,6
2019-12-06 19:00:00-05,49,2019,12,5,7
2019-12-07 19:00:00-05,49,2019,12,6,8
2019-12-08 19:00:00-05,50,2019,12,0,9
2019-12-09 19:00:00-05,50,2019,12,1,10
2019-12-10 19:00:00-05,50,2019,12,2,11
2019-12-11 19:00:00-05,50,2019,12,3,12
2019-12-12 19:00:00-05,50,2019,12,4,13
2019-12-13 19:00:00-05,50,2019,12,5,14
2019-12-14 19:00:00-05,50,2019,12,6,15
2019-12-15 19:00:00-05,51,2019,12,0,16
2019-12-16 19:00:00-05,51,2019,12,1,17
2019-12-17 19:00:00-05,51,2019,12,2,18
2019-12-18 19:00:00-05,51,2019,12,3,19
2019-12-19 19:00:00-05,51,2019,12,4,20
2019-12-20 19:00:00-05,51,2019,12,5,21
2019-12-21 19:00:00-05,51,2019,12,6,22
2019-12-22 19:00:00-05,52,2019,12,0,23
2019-12-23 19:00:00-05,52,2019,12,1,24
2019-12-24 19:00:00-05,52,2019,12,2,25
2019-12-25 19:00:00-05,52,2019,12,3,26
2019-12-26 19:00:00-05,52,2019,12,4,27
2019-12-27 19:00:00-05,52,2019,12,5,28
2019-12-28 19:00:00-05,52,2019,12,6,29
2019-12-29 19:00:00-05,01,2019,12,0,30
2019-12-30 19:00:00-05,01,2019,12,1,31
2019-12-31 19:00:00-05,01,2020,1,2,1
2020-01-01 19:00:00-05,01,2020,1,3,2
2020-01-02 19:00:00-05,01,2020,1,4,3
2020-01-03 19:00:00-05,01,2020,1,5,4
2020-01-04 19:00:00-05,01,2020,1,6,5
2020-01-05 19:00:00-05,02,2020,1,0,6
2020-01-06 19:00:00-05,02,2020,1,1,7
2020-01-07 19:00:00-05,02,2020,1,2,8
2020-01-08 19:00:00-05,02,2020,1,3,9
2020-01-09 19:00:00-05,02,2020,1,4,10
2020-01-10 19:00:00-05,02,2020,1,5,11
2020-01-11 19:00:00-05,02,2020,1,6,12
2020-01-12 19:00:00-05,03,2020,1,0,13
2020-01-13 19:00:00-05,03,2020,1,1,14
2020-01-14 19:00:00-05,03,2020,1,2,15
2020-01-15 19:00:00-05,03,2020,1,3,16
2020-01-16 19:00:00-05,03,2020,1,4,17
2020-01-17 19:00:00-05,03,2020,1,5,18
2020-01-18 19:00:00-05,03,2020,1,6,19
2020-01-19 19:00:00-05,04,2020,1,0,20
2020-01-20 19:00:00-05,04,2020,1,1,21
2020-01-21 19:00:00-05,04,2020,1,2,22
2020-01-22 19:00:00-05,04,2020,1,3,23
2020-01-23 19:00:00-05,04,2020,1,4,24
2020-01-24 19:00:00-05,04,2020,1,5,25
2020-01-25 19:00:00-05,04,2020,1,6,26
2020-01-26 19:00:00-05,05,2020,1,0,27
2020-01-27 19:00:00-05,05,2020,1,1,28
2020-01-28 19:00:00-05,05,2020,1,2,29
2020-01-29 19:00:00-05,05,2020,1,3,30
2020-01-30 19:00:00-05,05,2020,1,4,31
2020-01-31 19:00:00-05,05,2020,2,5,1
2020-02-01 19:00:00-05,05,2020,2,6,2
2020-02-02 19:00:00-05,06,2020,2,0,3
2020-02-03 19:00:00-05,06,2020,2,1,4
2020-02-04 19:00:00-05,06,2020,2,2,5
2020-02-05 19:00:00-05,06,2020,2,3,6
2020-02-06 19:00:00-05,06,2020,2,4,7
2020-02-07 19:00:00-05,06,2020,2,5,8
2020-02-08 19:00:00-05,06,2020,2,6,9
2020-02-09 19:00:00-05,07,2020,2,0,10
2020-02-10 19:00:00-05,07,2020,2,1,11
2020-02-11 19:00:00-05,07,2020,2,2,12
2020-02-12 19:00:00-05,07,2020,2,3,13
2020-02-13 19:00:00-05,07,2020,2,4,14
2020-02-14 19:00:00-05,07,2020,2,5,15
2020-02-15 19:00:00-05,07,2020,2,6,16
2020-02-16 19:00:00-05,08,2020,2,0,17
2020-02-17 19:00:00-05,08,2020,2,1,18
2020-02-18 19:00:00-05,08,2020,2,2,19
2020-02-19 19:00:00-05,08,2020,2,3,20
2020-02-20 19:00:00-05,08,2020,2,4,21
2020-02-21 19:00:00-05,08,2020,2,5,22
2020-02-22 19:00:00-05,08,2020,2,6,23
2020-02-23 19:00:00-05,09,2020,2,0,24
2020-02-24 19:00:00-05,09,2020,2,1,25
2020-02-25 19:00:00-05,09,2020,2,2,26
2020-02-26 19:00:00-05,09,2020,2,3,27
2020-02-27 19:00:00-05,09,2020,2,4,28
2020-02-28 19:00:00-05,09,2020,2,5,29
2020-02-29 19:00:00-05,09,2020,3,6,1
2020-03-01 19:00:00-05,10,2020,3,0,2
2020-03-02 19:00:00-05,10,2020,3,1,3
2020-03-03 19:00:00-05,10,2020,3,2,4
2020-03-04 19:00:00-05,10,2020,3,3,5
2020-03-05 19:00:00-05,10,2020,3,4,6
2020-03-06 19:00:00-05,10,2020,3,5,7
2020-03-07 19:00:00-05,10,2020,3,6,8
2020-03-08 20:00:00-04,11,2020,3,0,9
2020-03-09 20:00:00-04,11,2020,3,1,10
2020-03-10 20:00:00-04,11,2020,3,2,11
2020-03-11 20:00:00-04,11,2020,3,3,12
2020-03-12 20:00:00-04,11,2020,3,4,13
2020-03-13 20:00:00-04,11,2020,3,5,14
2020-03-14 20:00:00-04,11,2020,3,6,15
2020-03-15 20:00:00-04,12,2020,3,0,16
2020-03-16 20:00:00-04,12,2020,3,1,17
2020-03-17 20:00:00-04,12,2020,3,2,18
2020-03-18 20:00:00-04,12,2020,3,3,19
2020-03-19 20:00:00-04,12,2020,3,4,20
2020-03-20 20:00:00-04,12,2020,3,5,21
2020-03-21 20:00:00-04,12,2020,3,6,22
2020-03-22 20:00:00-04,13,2020,3,0,23
2020-03-23 20:00:00-04,13,2020,3,1,24
2020-03-24 20:00:00-04,13,2020,3,2,25
2020-03-25 20:00:00-04,13,2020,3,3,26
2020-03-26 20:00:00-04,13,2020,3,4,27
2020-03-27 20:00:00-04,13,2020,3,5,28
2020-03-28 20:00:00-04,13,2020,3,6,29
2020-03-29 20:00:00-04,14,2020,3,0,30
2020-03-30 20:00:00-04,14,2020,3,1,31
2020-03-31 20:00:00-04,14,2020,4,2,1
2020-04-01 20:00:00-04,14,2020,4,3,2
2020-04-02 20:00:00-04,14,2020,4,4,3
2020-04-03 20:00:00-04,14,2020,4,5,4
2020-04-04 20:00:00-04,14,2020,4,6,5
2020-04-05 20:00:00-04,15,2020,4,0,6
2020-04-06 20:00:00-04,15,2020,4,1,7
2020-04-07 20:00:00-04,15,2020,4,2,8
2020-04-08 20:00:00-04,15,2020,4,3,9
2020-04-09 20:00:00-04,15,2020,4,4,10
2020-04-10 20:00:00-04,15,2020,4,5,11
2020-04-11 20:00:00-04,15,2020,4,6,12
2020-04-12 20:00:00-04,16,2020,4,0,13
2020-04-13 20:00:00-04,16,2020,4,1,14
2020-04-14 20:00:00-04,16,2020,4,2,15
2020-04-15 20:00:00-04,16,2020,4,3,16
2020-04-16 20:00:00-04,16,2020,4,4,17
2020-04-17 20:00:00-04,16,2020,4,5,18
2020-04-18 20:00:00-04,16,2020,4,6,19
2020-04-19 20:00:00-04,17,2020,4,0,20
2020-04-20 20:00:00-04,17,2020,4,1,21
2020-04-21 20:00:00-04,17,2020,4,2,22
2020-04-22 20:00:00-04,17,2020,4,3,23
2020-04-23 20:00:00-04,17,2020,4,4,24
2020-04-24 20:00:00-04,17,2020,4,5,25
2020-04-25 20:00:00-04,17,2020,4,6,26
2020-04-26 20:00:00-04,18,2020,4,0,27
2020-04-27 20:00:00-04,18,2020,4,1,28
2020-04-28 20:00:00-04,18,2020,4,2,29
2020-04-29 20:00:00-04,18,2020,4,3,30
2020-04-30 20:00:00-04,18,2020,5,4,1
2020-05-01 20:00:00-04,18,2020,5,5,2
2020-05-02 20:00:00-04,18,2020,5,6,3
2020-05-03 20:00:00-04,19,2020,5,0,4
2020-05-04 20:00:00-04,19,2020,5,1,5
2020-05-05 20:00:00-04,19,2020,5,2,6
2020-05-06 20:00:00-04,19,2020,5,3,7
2020-05-07 20:00:00-04,19,2020,5,4,8
2020-05-08 20:00:00-04,19,2020,5,5,9
2020-05-09 20:00:00-04,19,2020,5,6,10
2020-05-10 20:00:00-04,20,2020,5,0,11
2020-05-11 20:00:00-04,20,2020,5,1,12
2020-05-12 20:00:00-04,20,2020,5,2,13
2020-05-13 20:00:00-04,20,2020,5,3,14
2020-05-14 20:00:00-04,20,2020,5,4,15
2020-05-15 20:00:00-04,20,2020,5,5,16
2020-05-16 20:00:00-04,20,2020,5,6,17
2020-05-17 20:00:00-04,21,2020,5,0,18
2020-05-18 20:00:00-04,21,2020,5,1,19
2020-05-19 20:00:00-04,21,2020,5,2,20
2020-05-20 20:00:00-04,21,2020,5,3,21
2020-05-21 20:00:00-04,21,2020,5,4,22
2020-05-22 20:00:00-04,21,2020,5,5,23
2020-05-23 20:00:00-04,21,2020,5,6,24
2020-05-24 20:00:00-04,22,2020,5,0,25
2020-05-25 20:00:00-04,22,2020,5,1,26
2020-05-26 20:00:00-04,22,2020,5,2,27
2020-05-27 20:00:00-04,22,2020,5,3,28
2020-05-28 20:00:00-04,22,2020,5,4,29
2020-05-29 20:00:00-04,22,2020,5,5,30
2020-05-30 20:00:00-04,22,2020,5,6,31
2020-05-31 20:00:00-04,23,2020,6,0,1
2020-06-01 20:00:00-04,23,2020,6,1,2
2020-06-02 20:00:00-04,23,2020,6,2,3
2020-06-03 20:00:00-04,23,2020,6,3,4
2020-06-04 20:00:00-04,23,2020,6,4,5
2020-06-05 20:00:00-04,23,2020,6,5,6
2020-06-06 20:00:00-04,23,2020,6,6,7
2020-06-07 20:00:00-04,24,2020,6,0,8
2020-06-08 20:00:00-04,24,2020,6,1,9
2020-06-09 20:00:00-04,24,2020,6,2,10
2020-06-10 20:00:00-04,24,2020,6,3,11
2020-06-11 20:00:00-04,24,2020,6,4,12
2020-06-12 20:00:00-04,24,2020,6,5,13
2020-06-13 20:00:00-04,24,2020,6,6,14
2020-06-14 20:00:00-04,25,2020,6,0,15
2020-06-15 20:00:00-04,25,2020,6,1,16
2020-06-16 20:00:00-04,25,2020,6,2,17
2020-06-17 20:00:00-04,25,2020,6,3,18
2020-06-18 20:00:00-04,25,2020,6,4,19
2020-06-19 20:00:00-04,25,2020,6,5,20
2020-06-20 20:00:00-04,25,2020,6,6,21
2020-06-21 20:00:00-04,26,2020,6,0,22
2020-06-22 20:00:00-04,26,2020,6,1,23
2020-06-23 20:00:00-04,26,2020,6,2,24
2020-06-24 20:00:00-04,26,2020,6,3,25
2020-06-25 20:00:00-04,26,2020,6,4,26
2020-06-26 20:00:00-04,26,2020,6,5,27
2020-06-27 20:00:00-04,26,2020,6,6,28
2020-06-28 20:00:00-04,27,2020,6,0,29
2020-06-29 20:00:00-04,27,2020,6,1,30
2020-06-30 20:00:00-04,27,2020,7,2,1
2020-07-01 20:00:00-04,27,2020,7,3,2
2020-07-02 20:00:00-04,27,2020,7,4,3
2020-07-03 20:00:00-04,27,2020,7,5,4
2020-07-04 20:00:00-04,27,2020,7,6,5
2020-07-05 20:00:00-04,28,2020,7,0,6
2020-07-06 20:00:00-04,28,2020,7,1,7
2020-07-07 20:00:00-04,28,2020,7,2,8
2020-07-08 20:00:00-04,28,2020,7,3,9
2020-07-09 20:00:00-04,28,2020,7,4,10
2020-07-10 20:00:00-04,28,2020,7,5,11
2020-07-11 20:00:00-04,28,2020,7,6,12
2020-07-12 20:00:00-04,29,2020,7,0,13
2020-07-13 20:00:00-04,29,2020,7,1,14
2020-07-14 20:00:00-04,29,2020,7,2,15
2020-07-15 20:00:00-04,29,2020,7,3,16
2020-07-16 20:00:00-04,29,2020,7,4,17
2020-07-17 20:00:00-04,29,2020,7,5,18
2020-07-18 20:00:00-04,29,2020,7,6,19
2020-07-19 20:00:00-04,30,2020,7,0,20
2020-07-20 20:00:00-04,30,2020,7,1,21
2020-07-21 20:00:00-04,30,2020,7,2,22
2020-07-22 20:00:00-04,30,2020,7,3,23
2020-07-23 20:00:00-04,30,2020,7,4,24
2020-07-24 20:00:00-04,30,2020,7,5,25
2020-07-25 20:00:00-04,30,2020,7,6,26
2020-07-26 20:00:00-04,31,2020,7,0,27
2020-07-27 20:00:00-04,31,2020,7,1,28
2020-07-28 20:00:00-04,31,2020,7,2,29
2020-07-29 20:00:00-04,31,2020,7,3,30
2020-07-30 20:00:00-04,31,2020,7,4,31
2020-07-31 20:00:00-04,31,2020,8,5,1
2020-08-01 20:00:00-04,31,2020,8,6,2
2020-08-02 20:00:00-04,32,2020,8,0,3
2020-08-03 20:00:00-04,32,2020,8,1,4
2020-08-04 20:00:00-04,32,2020,8,2,5
2020-08-05 20:00:00-04,32,2020,8,3,6
2020-08-06 20:00:00-04,32,2020,8,4,7
2020-08-07 20:00:00-04,32,2020,8,5,8
2020-08-08 20:00:00-04,32,2020,8,6,9
2020-08-09 20:00:00-04,33,2020,8,0,10
2020-08-10 20:00:00-04,33,2020,8,1,11
2020-08-11 20:00:00-04,33,2020,8,2,12
2020-08-12 20:00:00-04,33,2020,8,3,13
2020-08-13 20:00:00-04,33,2020,8,4,14
2020-08-14 20:00:00-04,33,2020,8,5,15
2020-08-15 20:00:00-04,33,2020,8,6,16
2020-08-16 20:00:00-04,34,2020,8,0,17
2020-08-17 20:00:00-04,34,2020,8,1,18
2020-08-18 20:00:00-04,34,2020,8,2,19
2020-08-19 20:00:00-04,34,2020,8,3,20
2020-08-20 20:00:00-04,34,2020,8,4,21
2020-08-21 20:00:00-04,34,2020,8,5,22
2020-08-22 20:00:00-04,34,2020,8,6,23
2020-08-23 20:00:00-04,35,2020,8,0,24
2020-08-24 20:00:00-04,35,2020,8,1,25
2020-08-25 20:00:00-04,35,2020,8,2,26
2020-08-26 20:00:00-04,35,2020,8,3,27
2020-08-27 20:00:00-04,35,2020,8,4,28
2020-08-28 20:00:00-04,35,2020,8,5,29
2020-08-29 20:00:00-04,35,2020,8,6,30
2020-08-30 20:00:00-04,36,2020,8,0,31
2020-08-31 20:00:00-04,36,2020,9,1,1
2020-09-01 20:00:00-04,36,2020,9,2,2
2020-09-02 20:00:00-04,36,2020,9,3,3
2020-09-03 20:00:00-04,36,2020,9,4,4
2020-09-04 20:00:00-04,36,2020,9,5,5
2020-09-05 20:00:00-04,36,2020,9,6,6
2020-09-06 20:00:00-04,37,2020,9,0,7
2020-09-07 20:00:00-04,37,2020,9,1,8
2020-09-08 20:00:00-04,37,2020,9,2,9
2020-09-09 20:00:00-04,37,2020,9,3,10
2020-09-10 20:00:00-04,37,2020,9,4,11
2020-09-11 20:00:00-04,37,2020,9,5,12
2020-09-12 20:00:00-04,37,2020,9,6,13
2020-09-13 20:00:00-04,38,2020,9,0,14
2020-09-14 20:00:00-04,38,2020,9,1,15
2020-09-15 20:00:00-04,38,2020,9,2,16
2020-09-16 20:00:00-04,38,2020,9,3,17
2020-09-17 20:00:00-04,38,2020,9,4,18
2020-09-18 20:00:00-04,38,2020,9,5,19
2020-09-19 20:00:00-04,38,2020,9,6,20
2020-09-20 20:00:00-04,39,2020,9,0,21
2020-09-21 20:00:00-04,39,2020,9,1,22
2020-09-22 20:00:00-04,39,2020,9,2,23
2020-09-23 20:00:00-04,39,2020,9,3,24
2020-09-24 20:00:00-04,39,2020,9,4,25
2020-09-25 20:00:00-04,39,2020,9,5,26
2020-09-26 20:00:00-04,39,2020,9,6,27
2020-09-27 20:00:00-04,40,2020,9,0,28
2020-09-28 20:00:00-04,40,2020,9,1,29
2020-09-29 20:00:00-04,40,2020,9,2,30
2020-09-30 20:00:00-04,40,2020,10,3,1
2020-10-01 20:00:00-04,40,2020,10,4,2
2020-10-02 20:00:00-04,40,2020,10,5,3
2020-10-03 20:00:00-04,40,2020,10,6,4
2020-10-04 20:00:00-04,41,2020,10,0,5
2020-10-05 20:00:00-04,41,2020,10,1,6
2020-10-06 20:00:00-04,41,2020,10,2,7
2020-10-07 20:00:00-04,41,2020,10,3,8
2020-10-08 20:00:00-04,41,2020,10,4,9
2020-10-09 20:00:00-04,41,2020,10,5,10
2020-10-10 20:00:00-04,41,2020,10,6,11
2020-10-11 20:00:00-04,42,2020,10,0,12
2020-10-12 20:00:00-04,42,2020,10,1,13
2020-10-13 20:00:00-04,42,2020,10,2,14
2020-10-14 20:00:00-04,42,2020,10,3,15
2020-10-15 20:00:00-04,42,2020,10,4,16
2020-10-16 20:00:00-04,42,2020,10,5,17
2020-10-17 20:00:00-04,42,2020,10,6,18
2020-10-18 20:00:00-04,43,2020,10,0,19
2020-10-19 20:00:00-04,43,2020,10,1,20
2020-10-20 20:00:00-04,43,2020,10,2,21
2020-10-21 20:00:00-04,43,2020,10,3,22
2020-10-22 20:00:00-04,43,2020,10,4,23
2020-10-23 20:00:00-04,43,2020,10,5,24
2020-10-24 20:00:00-04,43,2020,10,6,25
2020-10-25 20:00:00-04,44,2020,10,0,26
2020-10-26 20:00:00-04,44,2020,10,1,27
2020-10-27 20:00:00-04,44,2020,10,2,28
2020-10-28 20:00:00-04,44,2020,10,3,29
2020-10-29 20:00:00-04,44,2020,10,4,30
2020-10-30 20:00:00-04,44,2020,10,5,31
2020-10-31 20:00:00-04,44,2020,11,6,1
2020-11-01 19:00:00-05,45,2020,11,0,2
2020-11-02 19:00:00-05,45,2020,11,1,3
2020-11-03 19:00:00-05,45,2020,11,2,4
2020-11-04 19:00:00-05,45,2020,11,3,5
2020-11-05 19:00:00-05,45,2020,11,4,6
2020-11-06 19:00:00-05,45,2020,11,5,7
2020-11-07 19:00:00-05,45,2020,11,6,8
2020-11-08 19:00:00-05,46,2020,11,0,9
2020-11-09 19:00:00-05,46,2020,11,1,10
2020-11-10 19:00:00-05,46,2020,11,2,11
2020-11-11 19:00:00-05,46,2020,11,3,12
2020-11-12 19:00:00-05,46,2020,11,4,13
2020-11-13 19:00:00-05,46,2020,11,5,14
2020-11-14 19:00:00-05,46,2020,11,6,15
2020-11-15 19:00:00-05,47,2020,11,0,16
2020-11-16 19:00:00-05,47,2020,11,1,17
2020-11-17 19:00:00-05,47,2020,11,2,18
2020-11-18 19:00:00-05,47,2020,11,3,19
2020-11-19 19:00:00-05,47,2020,11,4,20
2020-11-20 19:00:00-05,47,2020,11,5,21
2020-11-21 19:00:00-05,47,2020,11,6,22
2020-11-22 19:00:00-05,48,2020,11,0,23
2020-11-23 19:00:00-05,48,2020,11,1,24
2020-11-24 19:00:00-05,48,2020,11,2,25
2020-11-25 19:00:00-05,48,2020,11,3,26
2020-11-26 19:00:00-05,48,2020,11,4,27
2020-11-27 19:00:00-05,48,2020,11,5,28
2020-11-28 19:00:00-05,48,2020,11,6,29
2020-11-29 19:00:00-05,49,2020,11,0,30
2020-11-30 19:00:00-05,49,2020,12,1,1
2020-12-01 19:00:00-05,49,2020,12,2,2
2020-12-02 19:00:00-05,49,2020,12,3,3
2020-12-03 19:00:00-05,49,2020,12,4,4
2020-12-04 19:00:00-05,49,2020,12,5,5
2020-12-05 19:00:00-05,49,2020,12,6,6
2020-12-06 19:00:00-05,50,2020,12,0,7
2020-12-07 19:00:00-05,50,2020,12,1,8
2020-12-08 19:00:00-05,50,2020,12,2,9
2020-12-09 19:00:00-05,50,2020,12,3,10
2020-12-10 19:00:00-05,50,2020,12,4,11
2020-12-11 19:00:00-05,50,2020,12,5,12
2020-12-12 19:00:00-05,50,2020,12,6,13
2020-12-13 19:00:00-05,51,2020,12,0,14
2020-12-14 19:00:00-05,51,2020,12,1,15
2020-12-15 19:00:00-05,51,2020,12,2,16
2020-12-16 19:00:00-05,51,2020,12,3,17
2020-12-17 19:00:00-05,51,2020,12,4,18
2020-12-18 19:00:00-05,51,2020,12,5,19
2020-12-19 19:00:00-05,51,2020,12,6,20
2020-12-20 19:00:00-05,52,2020,12,0,21
2020-12-21 19:00:00-05,52,2020,12,1,22
2020-12-22 19:00:00-05,52,2020,12,2,23
2020-12-23 19:00:00-05,52,2020,12,3,24
2020-12-24 19:00:00-05,52,2020,12,4,25
2020-12-25 19:00:00-05,52,2020,12,5,26
2020-12-26 19:00:00-05,52,2020,12,6,27
2020-12-27 19:00:00-05,53,2020,12,0,28
2020-12-28 19:00:00-05,53,2020,12,1,29
2020-12-29 19:00:00-05,53,2020,12,2,30
2020-12-30 19:00:00-05,53,2020,12,3,31
